target_id,ligand_rmsd,pocket_rmsd,rmsd_≤_2å,rmsd_≤_5å,protein_tm_score,protein_rmsd,sanitization,all_atoms_connected,molecular_formula,molecular_bonds,double_bond_stereochemistry,tetrahedral_chirality,bond_lengths,bond_angles,internal_steric_clash,aromatic_ring_flatness,double_bond_flatness,internal_energy,protein-ligand_maximum_distance,minimum_distance_to_protein,minimum_distance_to_organic_cofactors,minimum_distance_to_inorganic_cofactors,minimum_distance_to_waters,volume_overlap_with_protein,volume_overlap_with_organic_cofactors,volume_overlap_with_inorganic_cofactors,volume_overlap_with_waters
5SAK_ZRY,0.5093604421232569,0.639,True,True,0.98738,0.75,True,True,True,True,True,True,True,True,True,True,True,True,True,True,True,True,True,True,True,True,True
5SB2_1K2,0.397598314885765,0.938,True,True,0.95282,1.53,True,True,True,True,True,True,True,True,True,True,True,True,True,True,True,True,True,True,True,True,True
5SD5_HWI,0.6017010186646429,0.518,True,True,0.9809,0.71,True,True,True,True,True,True,True,True,True,True,True,True,True,True,True,True,True,True,True,True,True
5SIS_JSM,0.7960338923767641,0.743,True,True,0.98506,0.88,True,True,True,True,True,True,True,True,True,True,True,True,True,True,True,True,True,True,True,True,True
6M2B_EZO,0.3605097968155647,0.491,True,True,0.99485,0.5,True,True,True,True,True,True,True,True,True,True,True,True,True,True,True,True,True,True,True,True,True
6M73_FNR,0.31418963556548823,0.626,True,True,0.97583,1.14,True,True,True,True,True,True,True,True,True,True,True,True,True,True,True,True,True,True,True,True,True
6T88_MWQ,0.6032604628185075,0.715,True,True,0.97563,1.22,True,True,True,True,True,True,True,True,True,True,True,True,True,True,True,True,True,True,True,True,True
6TW5_9M2,1.0504394508966242,0.831,True,True,0.37996,4.76,True,True,True,True,True,True,True,True,True,True,True,True,True,False,True,True,True,True,True,True,True
6TW7_NZB,0.7783432737064924,0.719,True,True,0.98591,0.88,True,True,True,True,True,True,True,True,True,True,True,True,True,True,True,True,True,True,True,True,True
6VTA_AKN,2.5397654860734686,1.718,False,True,0.98508,0.77,True,True,True,True,True,True,True,True,True,True,True,True,True,True,True,True,True,True,True,True,True
6WTN_RXT,0.3941643731281127,0.466,True,True,0.97958,0.94,True,True,True,True,True,True,True,True,True,True,True,True,True,True,True,True,True,True,True,True,True
6XBO_5MC,0.7460323960184911,0.803,True,True,0.94186,1.94,True,True,True,True,True,True,True,True,True,True,True,True,True,True,True,True,True,True,True,True,True
6XCT_478,0.8488642763800853,0.795,True,True,0.98268,0.9,True,True,True,True,True,True,True,True,True,True,True,True,True,True,True,True,True,True,True,True,True
6XG5_TOP,0.36678115831547,0.364,True,True,0.98898,0.5,True,True,True,True,True,True,True,True,True,True,True,True,True,True,True,True,True,True,True,True,True
6XHT_V2V,3.7362603081549497,2.381,False,True,0.31017,5.4,True,True,True,True,True,True,True,True,True,True,True,True,True,False,True,True,True,True,True,True,True
6XM9_V55,3.9396335325648106,1.758,False,True,0.97476,1.3,True,True,True,True,True,True,True,True,True,True,True,True,True,True,True,True,True,True,True,True,True
6YJA_2BA,6.149422136007431,5.059,False,False,0.95318,1.01,True,True,True,True,True,True,True,False,True,True,True,True,True,True,True,True,True,True,True,True,True
6YMS_OZH,0.9446000798523904,0.87,True,True,0.99067,0.63,True,True,True,True,True,True,True,True,True,True,True,True,True,True,True,True,True,True,True,True,True
6YQV_8K2,0.2288923305836174,0.54,True,True,0.99168,0.61,True,True,True,True,True,True,True,True,True,True,True,True,True,True,True,True,True,True,True,True,True
6YQW_82I,0.34314020987981536,0.311,True,True,0.99116,0.35,True,True,True,True,True,True,True,True,True,True,True,True,True,True,True,True,True,True,True,True,True
6YR2_T1C,0.8958361631406022,0.938,True,True,0.93558,1.94,True,True,True,True,True,True,True,True,True,True,True,True,True,True,True,True,True,True,True,True,True
6YRV_PJ8,2.0436668339617627,3.241,False,True,0.96028,1.56,True,True,True,True,True,True,True,True,True,True,True,True,True,True,True,True,True,True,True,True,True
6YSP_PAL,1.3494462542557972,1.48,True,True,0.96859,1.94,True,True,True,True,True,True,True,True,True,True,True,True,True,True,True,True,True,True,True,True,True
6YT6_PKE,0.8274315890248137,0.771,True,True,0.5236,2.96,True,True,True,True,True,True,True,True,True,True,True,True,True,True,True,True,True,True,True,True,True
6YYO_Q1K,0.8304197347061748,0.579,True,True,0.9871,0.86,True,True,True,True,True,True,True,True,True,True,True,True,True,True,True,True,True,True,True,True,True
6Z0R_Q4H,0.31690116580550787,0.408,True,True,0.97282,1.09,True,True,True,True,True,True,True,True,True,True,True,True,True,True,True,True,True,True,True,True,True
6Z14_Q4Z,0.7921279505231464,1.29,True,True,0.90154,3.35,True,True,True,True,True,True,True,True,True,True,True,True,True,True,True,True,True,True,True,True,True
6Z1C_7EY,0.5121990060691075,0.713,True,True,0.97899,1.0,True,True,True,True,True,True,True,True,True,True,True,True,True,True,True,True,True,True,True,True,True
6Z2C_Q5E,3.1627746229804665,3.643,False,True,0.31483,2.46,True,True,True,True,True,True,True,True,True,True,True,True,True,True,True,True,True,True,True,True,True
6Z4N_Q7B,1.0047083430030839,0.951,True,True,0.97395,1.31,True,True,True,True,True,True,True,True,True,True,True,True,True,True,True,True,True,True,True,True,True
6ZAE_ACV,0.41447566374074757,0.646,True,True,0.99067,0.65,True,True,True,True,True,True,True,True,True,True,True,True,True,True,True,True,True,True,True,True,True
6ZC3_JOR,0.8786863296990561,0.699,True,True,0.55675,3.13,True,True,True,True,True,True,True,True,True,True,True,True,True,True,True,True,True,True,True,True,True
6ZCY_QF8,0.3233977666196002,0.394,True,True,0.98887,0.65,True,True,True,True,True,True,True,True,True,True,True,True,True,True,True,True,True,True,True,True,True
6ZK5_IMH,1.294179474863473,0.854,True,True,0.97541,1.4,True,True,True,True,True,True,True,True,True,True,True,True,True,True,True,True,True,True,True,True,True
6ZPB_3D1,0.6957583428652988,0.749,True,True,0.96059,1.1,True,True,True,True,True,True,True,True,True,True,True,True,True,True,True,True,True,True,True,True,True
7A1P_QW2,0.22503495625893633,0.888,True,True,0.98884,0.73,True,True,True,True,True,True,True,True,True,True,True,True,True,True,True,True,True,True,True,True,True
7A9E_R4W,2.4345138221008313,2.502,False,True,0.96592,1.51,True,True,True,True,True,True,True,True,True,True,True,True,True,True,True,True,True,True,True,True,True
7A9H_TPP,0.9815676729285973,2.726,True,True,0.92889,3.19,True,True,True,True,True,True,True,True,True,True,True,True,True,True,True,True,True,True,True,True,True
7AFX_R9K,0.5487464264120543,0.571,True,True,0.97181,1.27,True,True,True,True,True,True,True,True,True,True,True,True,True,True,True,True,True,True,True,True,True
7AKL_RK5,0.24031513301890622,0.436,True,True,0.97848,0.99,True,True,True,True,True,True,True,True,True,True,True,True,True,True,True,True,True,True,True,True,True
7AN5_RDH,1.7337694846778218,1.017,True,True,0.96128,1.58,True,True,True,True,True,True,True,True,True,True,True,True,True,True,True,True,True,True,True,True,True
7B2C_TP7,1.0971193790580687,1.372,True,True,0.6454,6.33,True,True,True,True,True,True,True,True,True,True,True,True,True,True,True,True,True,True,True,True,True
7B94_ANP,1.2376925260468603,3.828,True,True,0.76055,4.76,True,True,True,True,True,True,True,True,True,True,True,True,True,True,True,True,True,True,True,True,True
7BCP_GCO,0.56115126234445,0.667,True,True,0.98271,0.86,True,True,True,True,True,True,True,True,True,True,True,True,True,True,True,True,True,True,True,True,True
7BJJ_TVW,0.6745582102383751,0.557,True,True,0.97382,1.2,True,True,True,True,True,True,True,True,True,True,True,True,True,True,True,True,True,True,True,True,True
7BKA_4JC,4.866649596916411,2.419,False,True,0.38991,1.21,True,True,True,True,True,True,True,True,True,True,True,True,True,True,True,True,True,True,True,True,True
7BMI_U4B,0.24530680319206052,0.245,True,True,0.92564,2.23,True,True,True,True,True,True,True,True,True,True,True,True,True,True,True,True,True,True,True,True,True
7BNH_BEZ,1.0142312452734281,0.745,True,True,0.72156,3.43,True,True,True,True,True,True,True,True,True,True,True,True,True,True,True,True,True,True,True,True,True
7BTT_F8R,0.48126038326461057,0.697,True,True,0.98459,0.82,True,True,True,True,True,True,True,True,True,True,True,True,True,True,True,True,True,True,True,True,True
7C0U_FGO,5.259097076495166,3.301,False,False,0.50953,3.53,True,True,True,True,True,True,True,True,True,True,True,True,True,True,True,True,True,True,True,True,True
7C3U_AZG,2.964764864507501,1.299,False,True,0.96311,0.7,True,True,True,True,True,True,True,True,True,True,True,True,True,True,True,True,True,True,True,True,True
7C8Q_DSG,1.5475976777645477,0.969,True,True,0.95651,1.91,True,True,True,True,True,True,True,True,True,True,True,True,True,True,True,True,True,True,True,True,True
7CD9_FVR,1.025563532893014,1.052,True,True,0.97789,1.13,True,True,True,True,True,True,True,True,True,True,True,True,True,True,True,True,True,True,True,True,True
7CIJ_G0C,0.6744386300578319,0.922,True,True,0.95969,2.08,True,True,True,True,True,True,True,True,True,True,True,True,True,True,True,True,True,True,True,True,True
7CL8_TES,0.5331927628737586,0.664,True,True,0.9743,1.22,True,True,True,True,True,True,True,True,True,True,True,True,True,True,True,True,True,True,True,True,True
7CNQ_G8X,4.968407628428068,13.95,False,True,0.1303,12.17,True,True,True,True,True,True,False,False,True,True,True,False,True,False,True,True,True,False,True,True,True
7CNS_PMV,0.36411267192607133,0.718,True,True,0.98523,0.99,True,True,True,True,True,True,True,True,True,True,True,True,True,True,True,True,True,True,True,True,True
7CTM_BDP,0.6577528732796946,0.708,True,True,0.98329,1.01,True,True,True,True,True,True,True,True,True,True,True,True,True,True,True,True,True,True,True,True,True
7CUO_PHB,2.556243527522366,1.176,False,True,0.94808,1.88,True,True,True,True,True,True,True,True,True,True,True,True,True,True,True,True,True,True,True,True,True
7D5C_GV6,0.608875034320964,1.439,True,True,0.69405,5.46,True,True,True,True,True,True,True,True,True,True,True,True,True,True,True,True,True,True,True,True,True
7D6O_MTE,8.025978409904305,10.447,False,False,0.07989,13.45,True,True,True,True,True,False,False,False,False,False,True,False,True,False,True,True,True,False,True,True,True
7DKT_GLF,0.8307691320898564,1.274,True,True,0.92074,2.85,True,True,True,True,True,True,True,True,True,True,True,True,True,True,True,True,True,True,True,True,True
7DQL_4CL,0.6645999933126026,0.751,True,True,0.94277,2.16,True,True,True,True,True,True,True,True,True,True,True,True,True,True,True,True,True,True,True,True,True
7DUA_HJ0,0.3857789364728025,0.481,True,True,0.97372,1.26,True,True,True,True,True,True,True,True,True,True,True,True,True,True,True,True,True,True,True,True,True
7E4L_MDN,1.2317853082236188,0.973,True,True,0.5278,3.61,True,True,True,True,True,True,True,True,True,True,True,True,True,True,True,True,True,True,True,True,True
7EBG_J0L,0.44060276813215116,0.617,True,True,0.94127,2.41,True,True,True,True,True,True,True,True,True,True,True,True,True,True,True,True,True,True,True,True,True
7ECR_SIN,2.17883158739954,1.513,False,True,0.63484,2.75,True,True,True,True,True,True,True,True,True,True,True,True,True,True,True,True,True,True,True,True,True
7ED2_A3P,0.44633230271227775,0.713,True,True,0.98569,0.91,True,True,True,True,True,True,True,True,True,True,True,True,True,True,True,True,True,True,True,True,True
7ELT_TYM,0.7204414328091553,1.037,True,True,0.96227,1.34,True,True,True,True,True,True,True,True,True,True,True,True,True,True,True,True,True,True,True,True,True
7EPV_FDA,0.5671372350641655,0.868,True,True,0.96729,1.31,True,True,True,True,True,True,True,True,True,True,True,True,True,True,True,True,True,True,True,True,True
7ES1_UDP,0.4894044781160057,0.912,True,True,0.97847,1.1,True,True,True,True,True,True,True,True,True,True,True,True,True,True,True,True,True,True,True,True,True
7F51_BA7,0.887441441730101,1.656,True,True,0.93279,2.0,True,True,True,True,True,True,True,True,True,True,True,True,True,True,True,True,True,True,True,True,True
7F5D_EUO,0.6981644123461654,0.649,True,True,0.9914,0.36,True,True,True,True,True,True,True,True,True,True,True,True,True,True,True,True,True,True,True,True,True
7F8T_FAD,0.827272052740381,0.964,True,True,0.92924,1.89,True,True,True,True,True,True,True,True,True,True,True,True,True,True,True,True,True,True,True,True,True
7FB7_8NF,2.119280787856526,1.129,False,True,0.52439,3.67,True,True,True,True,True,True,True,True,True,True,True,True,True,True,True,True,True,True,True,True,True
7FHA_ADX,0.9720508089524874,1.258,True,True,0.95433,2.16,True,True,True,True,True,True,True,True,True,True,True,True,True,True,True,True,True,True,True,True,True
7FRX_O88,5.410543541549223,3.53,False,False,0.95762,2.54,True,True,True,True,True,True,True,True,True,True,True,True,True,False,True,True,True,True,True,True,True
7FT9_4MB,5.326811097645569,2.919,False,False,0.22587,3.43,True,True,True,True,True,True,True,True,True,True,True,True,True,True,True,True,True,True,True,True,True
7JG0_GAR,0.36031218023017536,0.537,True,True,0.99107,0.5,True,True,True,True,True,True,True,True,True,True,True,True,True,True,True,True,True,True,True,True,True
7JHQ_VAJ,2.203334942762902,1.492,False,True,0.26077,2.55,True,True,True,True,True,True,True,True,True,True,True,True,True,True,True,True,True,True,True,True,True
7JMV_4NC,0.6451483641908914,0.723,True,True,0.93889,1.72,True,True,True,True,True,True,True,True,True,True,True,True,True,True,True,True,True,True,True,True,True
7JXX_VP7,0.16755940200418226,0.38,True,True,0.98206,0.88,True,True,True,True,True,True,True,True,True,True,True,True,True,True,True,True,True,True,True,True,True
7JY3_VUD,2.230294236276991,1.912,False,True,0.97797,1.28,True,True,True,True,True,True,True,True,True,True,True,True,True,True,True,True,True,True,True,True,True
7K0V_VQP,1.2445686584616376,2.418,True,True,0.31113,6.07,True,True,True,True,True,True,True,True,True,True,True,True,True,True,True,True,True,True,True,True,True
7KB1_WBJ,0.6348019569483504,0.807,True,True,0.97744,2.0,True,True,True,True,True,True,True,True,True,True,True,True,True,True,True,True,True,True,True,True,True
7KC5_BJZ,0.4856880714025233,1.419,True,True,0.48904,1.07,True,True,True,True,True,True,True,True,True,True,True,True,True,True,True,True,True,True,True,True,True
7KM8_WPD,0.8040280761524311,0.592,True,True,0.49681,0.53,True,True,True,True,True,True,True,True,True,True,True,True,True,True,True,True,True,True,True,True,True
7KQU_YOF,0.6516683430133101,0.666,True,True,0.95348,2.09,True,True,True,True,True,True,True,True,True,True,True,True,True,True,True,True,True,True,True,True,True
7KRU_ATP,0.6875702145962975,1.031,True,True,0.4,5.29,True,True,True,True,True,True,True,True,True,True,True,True,True,True,True,True,True,True,True,True,True
7KZ9_XN7,1.9456788565247018,1.873,True,True,0.4761,2.38,True,True,True,True,True,True,True,True,True,True,True,True,True,True,True,True,True,True,True,True,True
7L00_XCJ,1.3004707844127494,1.0,True,True,0.57131,5.34,True,True,True,True,True,True,True,True,True,True,True,True,True,True,True,True,True,True,True,True,True
7L03_F9F,0.723209777186524,1.042,True,True,0.97302,1.51,True,True,True,True,True,True,True,True,True,True,True,True,True,True,True,True,True,True,True,True,True
7L5F_XNG,0.803646818502312,0.609,True,True,0.99029,0.58,True,True,True,True,True,True,True,True,True,True,True,True,True,True,True,True,True,True,True,True,True
7L7C_XQ1,1.1266037578238668,0.835,True,True,0.8057,3.65,True,True,True,True,True,True,True,True,True,True,True,True,True,True,True,True,True,True,True,True,True
7LCU_XTA,0.861905119860084,1.36,True,True,0.9801,1.06,True,True,True,True,True,True,True,True,True,True,True,True,True,True,True,True,True,True,True,True,True
7LEV_0JO,1.0246853747091624,4.626,True,True,0.92856,2.22,True,True,True,True,True,True,True,True,True,True,True,True,True,True,True,True,True,True,True,True,True
7LJN_GTP,1.4074140473311323,1.229,True,True,0.30234,5.23,True,True,True,True,True,True,True,True,True,True,True,True,True,True,True,True,True,True,True,True,True
7LMO_NYO,1.577898244672495,1.475,True,True,0.91379,2.33,True,True,True,True,True,True,True,True,True,True,True,True,True,True,True,True,True,True,True,True,True
7LOE_Y84,0.18004662779907288,0.328,True,True,0.98709,0.55,True,True,True,True,True,True,True,True,True,True,True,True,True,True,True,True,True,True,True,True,True
7LOU_IFM,0.6681235245072586,1.064,True,True,0.46107,3.15,True,True,True,True,True,True,True,True,True,True,True,True,True,True,True,True,True,True,True,True,True
7LT0_ONJ,0.2981690379385238,0.32,True,True,0.99242,0.47,True,True,True,True,True,True,True,True,True,True,True,True,True,True,True,True,True,True,True,True,True
7LZD_YHY,0.4960447052990008,0.634,True,True,0.98338,0.75,True,True,True,True,True,True,True,True,True,True,True,True,True,True,True,True,True,True,True,True,True
7M31_TDR,0.9822765632278245,1.013,True,True,0.5452,7.35,True,True,True,True,True,True,True,True,True,True,True,True,True,True,True,True,True,True,True,True,True
7M3H_YPV,1.3209436177407423,1.387,True,True,0.94912,2.31,True,True,True,True,True,True,True,True,True,True,True,True,True,True,True,True,True,True,True,True,True
7M6K_YRJ,1.377352263540009,1.17,True,True,0.49713,1.73,True,True,True,True,True,True,True,True,True,True,True,True,True,True,True,True,True,True,True,True,True
7MFP_Z7P,1.3976853438453163,1.261,True,True,0.48153,2.57,True,True,True,True,True,True,True,True,True,True,True,True,True,False,True,True,True,True,True,True,True
7MGT_ZD4,0.6209152610691508,0.688,True,True,0.97974,0.95,True,True,True,True,True,True,True,True,True,True,True,True,True,True,True,True,True,True,True,True,True
7MGY_ZD1,0.9486392689577516,0.883,True,True,0.5834,6.58,True,True,True,True,True,True,True,True,True,True,True,True,True,True,True,True,True,True,True,True,True
7MMH_ZJY,0.4350681987273485,0.615,True,True,0.98727,0.63,True,True,True,True,True,True,True,True,True,True,True,True,True,True,True,True,True,True,True,True,True
7MOI_HPS,0.6500709345909874,0.697,True,True,0.98967,0.66,True,True,True,True,True,True,True,True,True,True,True,True,True,True,True,True,True,True,True,True,True
7MSR_DCA,0.7429476143440898,1.012,True,True,0.95116,2.12,True,True,True,True,True,True,True,True,True,True,True,True,True,True,True,True,True,True,True,True,True
7MWN_WI5,0.4704729468843028,0.983,True,True,0.97274,1.45,True,True,True,True,True,True,True,True,True,True,True,True,True,True,True,True,True,True,True,True,True
7MWU_ZPM,1.1878592094303817,0.805,True,True,0.81131,2.52,True,True,True,True,True,True,True,True,True,True,True,True,True,True,True,True,True,True,True,True,True
7MY1_IPE,5.804627299712828,3.079,False,False,0.97474,1.19,True,True,True,True,True,True,True,True,True,True,True,True,True,True,True,True,True,True,True,True,True
7MYU_ZR7,0.9003362741617306,0.901,True,True,0.49331,1.06,True,True,True,True,True,True,True,True,True,True,True,True,True,True,True,True,True,True,True,True,True
7N03_ZRP,0.39895739255142054,0.642,True,True,0.98915,0.49,True,True,True,True,True,True,True,True,True,True,True,True,True,True,True,True,True,True,True,True,True
7N4N_0BK,0.37208925382561125,0.856,True,True,0.9644,1.53,True,True,True,True,True,True,True,True,True,True,True,True,True,True,True,True,True,True,True,True,True
7N4W_P4V,0.5206541565849933,1.35,True,True,0.9316,1.44,True,True,True,True,True,True,True,True,True,True,True,True,True,True,True,True,True,True,True,True,True
7N6F_0I1,0.9137944437260581,0.916,True,True,0.9539,1.12,True,True,True,True,True,True,True,True,True,True,True,True,True,True,True,True,True,True,True,True,True
7N7B_T3F,1.233276207737516,1.048,True,True,0.95471,1.74,True,True,True,True,True,False,True,True,True,True,True,True,True,True,True,True,True,True,True,True,True
7N7H_CTP,0.5084120169365763,0.747,True,True,0.97881,0.89,True,True,True,True,True,True,True,True,True,True,True,True,True,True,True,True,True,True,True,True,True
7NF0_BYN,0.7202659460039552,0.921,True,True,0.95862,2.24,True,True,True,True,True,True,True,True,True,True,True,True,True,True,True,True,True,True,True,True,True
7NF3_4LU,0.6042883114319964,0.842,True,True,0.94634,2.09,True,True,True,True,True,True,True,True,True,True,True,True,True,True,True,True,True,True,True,True,True
7NFB_GEN,0.9302723222261319,0.799,True,True,0.98086,1.14,True,True,True,True,True,True,True,True,True,True,True,True,True,True,True,True,True,True,True,True,True
7NGW_UAW,0.39201275189342893,0.703,True,True,0.9694,1.02,True,True,True,True,True,True,True,True,True,True,True,True,True,True,True,True,True,True,True,True,True
7NLV_UJE,0.7336237679200026,0.566,True,True,0.97983,1.05,True,True,True,True,True,True,True,True,True,True,True,True,True,True,True,True,True,True,True,True,True
7NP6_UK8,0.34065051464073787,0.586,True,True,0.9888,0.62,True,True,True,True,True,True,True,True,True,True,True,True,True,True,True,True,True,True,True,True,True
7NPL_UKZ,0.6747577016425422,1.165,True,True,0.97158,1.23,True,True,True,True,True,True,True,True,True,True,True,True,True,True,True,True,True,True,True,True,True
7NR8_UOE,0.4690347961505624,0.715,True,True,0.98127,0.94,True,True,True,True,True,True,True,True,True,True,True,True,True,True,True,True,True,True,True,True,True
7NSW_HC4,0.860321583769698,0.858,True,True,0.57213,4.45,True,True,True,True,True,True,True,True,True,True,True,True,True,True,True,True,True,True,True,True,True
7NU0_DCL,1.514209715495182,1.63,True,True,0.79593,5.12,True,True,True,True,True,True,True,True,True,True,True,True,True,True,True,True,True,True,True,True,True
7NUT_GLP,0.5253952042272563,0.565,True,True,0.97528,1.61,True,True,True,True,True,True,True,True,True,True,True,True,True,True,True,True,True,True,True,True,True
7NXO_UU8,1.5642742058783912,1.616,True,True,0.97144,1.58,True,True,True,True,True,True,True,True,True,True,True,True,True,True,True,True,True,True,True,True,True
7O0N_CDP,2.228578748709589,1.374,False,True,0.96246,1.42,True,True,True,True,True,True,True,True,True,True,True,True,True,True,True,True,True,True,True,True,True
7O1T_5X8,0.535917279064596,2.447,True,True,0.96211,1.4,True,True,True,True,True,True,True,True,True,True,True,True,True,True,True,True,True,True,True,True,True
7ODY_DGI,0.7277635317520027,0.651,True,True,0.983,1.0,True,True,True,True,True,True,True,True,True,True,True,True,True,True,True,True,True,True,True,True,True
7OEO_V9Z,0.4976590810359032,2.062,True,True,0.99265,0.34,True,True,True,True,True,True,True,True,True,True,True,True,True,True,True,True,True,True,True,True,True
7OFF_VCB,0.2580550149497982,0.597,True,True,0.99299,0.53,True,True,True,True,True,True,True,True,True,True,True,True,True,True,True,True,True,True,True,True,True
7OFK_VCH,0.3664602632911631,0.667,True,True,0.98903,0.64,True,True,True,True,True,True,True,True,True,True,True,True,True,True,True,True,True,True,True,True,True
7OLI_8HG,0.765945004879593,0.603,True,True,0.51825,2.25,True,True,True,True,True,True,True,True,True,True,True,True,True,True,True,True,True,True,True,True,True
7OMX_CNA,0.5768332544237466,0.772,True,True,0.96977,0.9,True,True,True,True,True,True,True,True,True,True,True,True,True,True,True,True,True,True,True,True,True
7OP9_06K,8.943118258852344,14.027,False,False,0.09327,12.73,True,True,True,True,True,True,False,False,True,True,True,False,True,False,True,True,True,False,True,True,True
7OPG_06N,5.0752873064643245,2.7,False,False,0.34136,3.56,True,True,True,True,True,True,True,True,True,True,True,True,True,True,True,True,True,True,True,True,True
7OSO_0V1,2.067205743786248,1.097,False,True,0.97442,1.23,True,True,True,True,True,True,True,True,True,True,True,True,True,True,True,True,True,True,True,True,True
7OZ9_NGK,3.9751440710071315,2.329,False,True,0.49143,1.45,True,True,True,True,True,True,True,True,True,True,True,True,True,False,True,True,True,True,True,True,True
7OZC_G6S,1.0381957799471153,1.87,True,True,0.94971,1.96,True,True,True,True,True,True,True,True,True,True,True,True,True,True,True,True,True,True,True,True,True
7P1F_KFN,0.7844787737540057,1.235,True,True,0.48327,1.92,True,True,True,True,True,True,True,True,True,True,True,True,True,True,True,True,True,True,True,True,True
7P1M_4IU,0.6315217015933283,0.622,True,True,0.89237,2.29,True,True,True,True,True,True,True,True,True,True,True,True,True,True,True,True,True,True,True,True,True
7P2I_MFU,12.19714091419925,6.874,False,False,0.97949,0.89,True,True,True,True,True,True,True,True,True,True,True,True,True,True,True,True,True,True,True,True,True
7P4C_5OV,0.5409789378986947,0.783,True,True,0.96249,1.91,True,True,True,True,True,True,True,True,True,True,True,True,True,True,True,True,True,True,True,True,True
7P5T_5YG,0.8248156863940809,1.006,True,True,0.97721,1.15,True,True,True,True,True,True,True,True,True,True,True,True,True,True,True,True,True,True,True,True,True
7PGX_FMN,0.4752510005758926,0.519,True,True,0.93388,1.46,True,True,True,True,True,True,True,True,True,True,True,True,True,True,True,True,True,True,True,True,True
7PIH_7QW,1.0464917938442388,1.046,True,True,0.98971,0.72,True,True,True,True,True,True,True,True,True,True,True,True,True,True,True,True,True,True,True,True,True
7PJQ_OWH,0.7635736696612843,0.596,True,True,0.57001,3.68,True,True,True,True,True,True,True,True,True,True,True,True,True,True,True,True,True,True,True,True,True
7PK0_BYC,0.652092574223279,0.791,True,True,0.98396,0.81,True,True,True,True,True,True,True,True,True,True,True,True,True,True,True,True,True,True,True,True,True
7PL1_SFG,0.3545859317048024,0.96,True,True,0.93926,1.77,True,True,True,True,True,True,True,True,True,True,True,True,True,True,True,True,True,True,True,True,True
7POM_7VZ,0.6375249888150556,0.843,True,True,0.48484,1.45,True,True,True,True,True,True,True,True,True,True,True,True,True,True,True,True,True,True,True,True,True
7PRI_7TI,3.4116862859149286,1.863,False,True,0.9704,1.47,True,True,True,True,True,True,True,True,True,True,True,True,True,True,True,True,True,True,True,True,True
7PRM_81I,0.8093666244740391,0.623,True,True,0.97632,1.21,True,True,True,True,True,True,True,True,True,True,True,True,True,True,True,True,True,True,True,True,True
7PT3_3KK,2.0238195081284993,3.36,False,True,0.92822,3.19,True,True,True,True,True,True,True,True,True,True,True,True,True,True,True,True,True,True,True,True,True
7PUV_84Z,1.1518411893211091,1.02,True,True,0.51049,2.97,True,True,True,True,True,True,True,True,True,True,True,True,True,True,True,True,True,True,True,True,True
7Q25_8J9,1.3627929390954756,1.745,True,True,0.46268,3.59,True,True,True,True,True,True,True,True,True,True,True,True,True,True,True,True,True,True,True,True,True
7Q27_8KC,1.72939049279549,1.082,True,True,0.97973,1.3,True,True,True,True,True,True,True,True,True,True,True,True,True,True,True,True,True,True,True,True,True
7Q2B_M6H,2.996205823064675,1.568,False,True,0.95415,1.77,True,True,True,True,True,True,True,True,True,True,True,True,True,True,True,True,True,True,True,True,True
7Q5I_I0F,0.8478341152826047,1.015,True,True,0.96986,1.75,True,True,True,True,True,True,True,True,True,True,True,True,True,True,True,True,True,True,True,True,True
7QE4_NGA,16.250668422416762,13.413,False,False,0.42543,5.9,True,True,True,True,True,False,True,True,True,True,True,True,True,True,True,True,True,True,True,True,True
7QF4_RBF,0.39717197180212155,0.426,True,True,0.94891,1.3,True,True,True,True,True,True,True,True,True,True,True,True,True,True,True,True,True,True,True,True,True
7QFM_AY3,0.2569075767664358,1.107,True,True,0.98172,0.92,True,True,True,True,True,True,True,True,True,True,True,True,True,True,True,True,True,True,True,True,True
7QGP_DJ8,1.1658896121478595,1.168,True,True,0.97136,1.14,True,True,True,True,True,True,True,True,True,True,True,True,True,True,True,True,True,True,True,True,True
7QHG_T3B,1.6037955821381087,2.348,True,True,0.54328,4.09,True,True,True,True,True,True,True,True,True,True,True,True,True,True,True,True,True,True,True,True,True
7QHL_D5P,1.3693532396719263,1.145,True,True,0.4976,2.35,True,True,True,True,True,True,True,True,True,True,True,True,True,True,True,True,True,True,True,True,True
7QPP_VDX,0.3992427198250872,0.577,True,True,0.98538,0.75,True,True,True,True,True,True,True,True,True,True,True,True,True,True,True,True,True,True,True,True,True
7QTA_URI,2.2759622536413033,1.312,False,True,0.5603,3.43,True,True,True,True,True,True,True,True,True,True,True,True,True,True,True,True,True,True,True,True,True
7R3D_APR,1.2065909344328574,1.11,True,True,0.94924,2.2,True,True,True,True,True,True,True,True,True,True,True,True,True,True,True,True,True,True,True,True,True
7R59_I5F,0.2851524113387571,0.609,True,True,0.98042,0.97,True,True,True,True,True,True,True,True,True,True,True,True,True,True,True,True,True,True,True,True,True
7R6J_2I7,2.9239937120108155,2.316,False,True,0.42275,5.79,True,True,True,True,True,True,True,True,True,True,True,True,True,True,True,True,True,True,True,True,True
7R7R_AWJ,0.31785055712813637,0.797,True,True,0.97663,1.38,True,True,True,True,True,True,True,True,True,True,True,True,True,True,True,True,True,True,True,True,True
7R9N_F97,1.7927689762649468,1.326,True,True,0.96994,1.51,True,True,True,True,True,True,True,True,True,True,True,True,True,True,True,True,True,True,True,True,True
7RC3_SAH,0.5150546614008745,0.741,True,True,0.95221,1.71,True,True,True,True,True,True,True,True,True,True,True,True,True,True,True,True,True,True,True,True,True
7RH3_59O,0.38299964060803293,0.319,True,True,0.99485,0.32,True,True,True,True,True,True,True,True,True,True,True,True,True,True,True,True,True,True,True,True,True
7RKW_5TV,0.7311392212157681,0.85,True,True,0.97707,1.19,True,True,True,True,True,True,True,True,True,True,True,True,True,True,True,True,True,True,True,True,True
7RNI_60I,0.5255123665712876,0.799,True,True,0.97075,1.63,True,True,True,True,True,True,True,True,True,True,True,True,True,True,True,True,True,True,True,True,True
7ROR_69X,0.5829362753705218,0.86,True,True,0.95622,1.81,True,True,True,True,True,True,True,True,True,True,True,True,True,True,True,True,True,True,True,True,True
7ROU_66I,0.6067538367917736,1.214,True,True,0.97073,1.28,True,True,True,True,True,True,True,True,True,True,True,True,True,True,True,True,True,True,True,True,True
7RSV_7IQ,1.8939936590442954,1.315,True,True,0.48991,3.6,True,True,True,True,True,True,True,True,True,True,True,True,True,True,True,True,True,True,True,True,True
7RWS_4UR,1.2016880502951766,1.036,True,True,0.94945,1.67,True,True,True,True,True,True,True,True,True,True,True,True,True,True,True,True,True,True,True,True,True
7RZL_NPO,1.4410241514284208,1.058,True,True,0.96818,1.01,True,True,True,True,True,True,True,True,True,True,True,True,True,True,True,True,True,True,True,True,True
7SCW_GSP,0.20583575673337248,0.645,True,True,0.96186,1.56,True,True,True,True,True,True,True,True,True,True,True,True,True,True,True,True,True,True,True,True,True
7SDD_4IP,1.4270279833826467,3.009,True,True,0.92969,1.98,True,True,True,True,True,True,True,True,True,True,True,True,True,False,True,True,True,True,True,True,True
7SFO_98L,1.5208622216361347,1.043,True,True,0.97623,1.26,True,True,True,True,True,True,True,True,True,True,True,True,True,True,True,True,True,True,True,True,True
7SIU_9ID,2.423909171552326,2.524,False,True,0.58004,5.49,True,True,True,True,True,True,True,True,True,True,True,True,True,True,True,True,True,True,True,True,True
7SUC_COM,1.4321337936300313,1.432,True,True,0.10807,12.15,True,True,True,True,True,True,False,False,True,True,True,False,True,False,True,True,True,False,True,True,True
7SZA_DUI,1.5350381990361028,1.118,True,True,0.49422,1.39,True,True,True,True,True,True,True,True,True,True,True,True,True,True,True,True,True,True,True,True,True
7T0D_FPP,0.6364257707436632,0.871,True,True,0.96603,2.02,True,True,True,True,True,True,True,True,True,True,True,True,True,True,True,True,True,True,True,True,True
7T1D_E7K,0.8166173057911812,1.184,True,True,0.82478,4.12,True,True,True,True,True,True,True,True,True,True,True,True,True,True,True,True,True,True,True,True,True
7T3E_SLB,1.4941733600891165,1.187,True,True,0.51103,3.17,True,True,True,True,True,True,True,True,True,True,True,True,True,True,True,True,True,True,True,True,True
7TB0_UD1,3.3888887294759655,2.391,False,True,0.33884,6.91,True,True,True,True,True,True,True,True,True,True,True,True,True,True,True,True,True,True,True,True,True
7TBU_S3P,1.992088292314123,3.496,True,True,0.44387,3.4,True,True,True,True,True,True,True,True,True,True,True,True,True,True,True,True,True,True,True,True,True
7TE8_P0T,4.831240816133911,3.103,False,True,0.43561,6.67,True,True,True,True,True,True,True,True,True,True,True,True,True,True,True,True,True,True,True,True,True
7TH4_FFO,2.4056565236346357,1.969,False,True,0.98039,1.24,True,True,True,True,True,True,True,True,True,True,True,True,True,True,True,True,True,True,True,True,True
7THI_PGA,1.6836176908339042,0.957,True,True,0.9752,1.29,True,True,True,True,True,True,True,True,True,True,True,True,True,True,True,True,True,True,True,True,True
7TM6_GPJ,1.1737529122434585,1.049,True,True,0.49276,1.25,True,True,True,True,True,True,True,True,True,True,True,True,True,True,True,True,True,True,True,True,True
7TOM_5AD,0.8860419142957568,1.503,True,True,0.94305,2.24,True,True,True,True,True,True,True,True,True,True,True,True,True,True,True,True,True,True,True,True,True
7TS6_KMI,8.424060585608345,25.16,False,False,0.12446,10.94,True,True,True,True,True,True,False,False,False,True,True,False,True,False,False,False,False,False,False,False,False
7TSF_H4B,0.3260699897802534,0.479,True,True,0.98728,1.11,True,True,True,True,True,True,True,True,True,True,True,True,True,True,True,True,True,True,True,True,True
7TUO_KL9,11.79587448275879,6.183,False,False,0.94627,1.72,True,True,True,True,True,True,True,True,True,True,True,True,True,True,True,True,True,True,True,True,True
7TXK_LW8,1.5181105794155225,1.474,True,True,0.47891,1.63,True,True,True,True,True,True,True,True,True,True,True,True,True,True,True,True,True,True,True,True,True
7TYP_KUR,1.5483256433443962,1.095,True,True,0.87271,2.4,True,True,True,True,True,True,True,True,True,True,True,True,True,True,True,True,True,True,True,True,True
7U0U_FK5,0.6077947275825887,0.585,True,True,0.89295,2.42,True,True,True,True,True,True,True,True,True,True,True,True,True,True,True,True,True,True,True,True,True
7U3J_L6U,0.4863924850094666,0.522,True,True,0.97849,0.73,True,True,True,True,True,True,True,True,True,True,True,True,True,True,True,True,True,True,True,True,True
7UAS_MBU,0.7533337582041573,0.714,True,True,0.49531,1.04,True,True,True,True,True,True,True,True,True,True,True,True,True,True,True,True,True,True,True,True,True
7UAW_MF6,7.994573712391246,15.597,False,False,0.37279,3.42,True,True,True,True,True,True,True,True,True,True,True,True,True,True,True,True,True,True,True,True,True
7UJ4_OQ4,1.3899348404446226,1.428,True,True,0.92127,3.05,True,True,True,True,True,True,True,True,True,True,True,True,True,True,True,True,True,True,True,True,True
7UJ5_DGL,1.126498505547167,0.898,True,True,0.48519,1.89,True,True,True,True,True,True,True,True,True,True,True,True,True,True,True,True,True,True,True,True,True
7UJF_R3V,3.198981450839079,7.454,False,True,0.44992,1.82,True,True,True,True,True,True,True,True,True,True,True,True,True,True,True,True,True,True,True,True,True
7ULC_56B,1.820823369198173,1.829,True,True,0.48185,2.24,True,True,True,True,True,True,True,True,True,True,True,True,True,False,True,True,True,True,True,True,True
7UMW_NAD,0.5560263967327772,0.748,True,True,0.98018,1.1,True,True,True,True,True,True,True,True,True,True,True,True,True,True,True,True,True,True,True,True,True
7UQ3_O2U,0.4245375307319713,0.51,True,True,0.9847,0.7,True,True,True,True,True,True,True,True,True,True,True,True,True,True,True,True,True,True,True,True,True
7USH_82V,0.5963315943203207,0.733,True,True,0.9933,0.32,True,True,True,True,True,True,True,True,True,True,True,True,True,True,True,True,True,True,True,True,True
7UTW_NAI,0.5161068405951333,0.939,True,True,0.96373,1.84,True,True,True,True,True,True,True,True,True,True,True,True,True,True,True,True,True,True,True,True,True
7UXS_OJC,2.316614665596578,2.153,False,True,0.56327,4.63,True,True,True,True,True,True,True,True,True,True,True,True,True,True,True,True,True,True,True,True,True
7UY4_SMI,1.0493410632789195,1.06,True,True,0.60486,4.4,True,True,True,True,True,True,True,True,True,True,True,True,True,True,True,True,True,True,True,True,True
7UYB_OK0,0.607947276470371,0.718,True,True,0.99039,0.56,True,True,True,True,True,True,True,True,True,True,True,True,True,True,True,True,True,True,True,True,True
7V14_ORU,0.29997929976202414,0.342,True,True,0.99195,0.52,True,True,True,True,True,True,True,True,True,True,True,True,True,True,True,True,True,True,True,True,True
7V3N_AKG,0.34328042618244725,0.521,True,True,0.9682,1.44,True,True,True,True,True,True,True,True,True,True,True,True,True,True,True,True,True,True,True,True,True
7V3S_5I9,0.4442925127009289,0.7,True,True,0.96985,1.16,True,True,True,True,True,True,True,True,True,True,True,True,True,True,True,True,True,True,True,True,True
7V43_C4O,0.2840233551136249,0.795,True,True,0.98691,0.87,True,True,True,True,True,True,True,True,True,True,True,True,True,True,True,True,True,True,True,True,True
7VB8_STL,0.5536805524105454,1.097,True,True,0.91634,2.85,True,True,True,True,True,True,True,True,True,True,True,True,True,True,True,True,True,True,True,True,True
7VBU_6I4,0.43881889403796925,0.507,True,True,0.9626,1.33,True,True,True,True,True,True,True,True,True,True,True,True,True,True,True,True,True,True,True,True,True
7VC5_9SF,0.6434152787345748,0.993,True,True,0.95937,1.82,True,True,True,True,True,True,True,True,True,True,True,True,True,True,True,True,True,True,True,True,True
7VKZ_NOJ,1.3725586895880395,2.049,True,True,0.84746,5.14,True,True,True,True,True,True,True,True,True,True,True,True,True,True,True,True,True,True,True,True,True
7VQ9_ISY,2.14858061054269,1.331,False,True,0.95502,1.56,True,True,True,True,True,True,True,True,True,True,True,True,True,True,True,True,True,True,True,True,True
7VWF_K55,0.5471860993050973,0.821,True,True,0.97034,1.43,True,True,True,True,True,True,True,True,True,True,True,True,True,True,True,True,True,True,True,True,True
7VYJ_CA0,1.2353080109523613,1.577,True,True,0.86025,4.85,True,True,True,True,True,True,True,True,True,True,True,True,True,True,True,True,True,True,True,True,True
7W05_GMP,0.3160172202586435,0.356,True,True,0.9714,0.69,True,True,True,True,True,True,True,True,True,True,True,True,True,True,True,True,True,True,True,True,True
7W06_ITN,1.0750006155037002,0.919,True,True,0.94477,1.29,True,True,True,True,True,True,True,True,True,True,True,True,True,True,True,True,True,True,True,True,True
7WCF_ACP,0.7186030983117356,0.799,True,True,0.95891,1.57,True,True,True,True,True,True,True,True,True,True,True,True,True,True,True,True,True,True,True,True,True
7WDT_NGS,1.850286230631131,1.683,True,True,0.75479,3.77,True,True,True,True,True,False,True,True,True,True,True,True,True,False,True,True,True,True,True,True,True
7WJB_BGC,0.761434138101692,1.776,True,True,0.86634,3.83,True,True,True,True,True,True,True,True,True,True,True,True,True,True,True,True,True,True,True,True,True
7WKL_CAQ,2.592498002892191,1.455,False,True,0.59891,5.85,True,True,True,True,True,True,True,True,True,True,True,True,True,True,True,True,True,True,True,True,True
7WL4_JFU,1.290434045537529,0.964,True,True,0.27689,3.58,True,True,True,True,True,True,True,True,True,True,True,True,True,True,True,True,True,True,True,True,True
7WPW_F15,0.7810516831584869,0.551,True,True,0.99167,0.39,True,True,True,True,True,True,True,True,True,True,True,True,True,True,True,True,True,True,True,True,True
7WQQ_5Z6,0.38376486049161457,1.086,True,True,0.97782,1.05,True,True,True,True,True,True,True,True,True,True,True,True,True,True,True,True,True,True,True,True,True
7WUX_6OI,3.071287705507252,3.721,False,True,0.35975,5.1,True,True,True,True,True,True,True,True,True,True,True,True,True,True,True,True,True,True,True,True,True
7WUY_76N,1.0461715597039207,1.042,True,True,0.85561,4.3,True,True,True,True,True,False,True,True,True,True,True,True,True,True,True,True,True,True,True,True,True
7WY1_D0L,2.151643229469764,1.518,False,True,0.53742,4.47,True,True,True,True,True,True,True,True,True,True,True,True,True,False,True,True,True,True,True,True,True
7X5N_5M5,1.0000019071648485,1.112,True,True,0.97861,1.48,True,True,True,True,True,True,True,True,True,True,True,True,True,True,True,True,True,True,True,True,True
7X9K_8OG,0.4607137899498995,0.968,True,True,0.96842,0.83,True,True,True,True,True,True,True,True,True,True,True,True,True,True,True,True,True,True,True,True,True
7XBV_APC,1.1268119853474141,1.011,True,True,0.97882,1.09,True,True,True,True,True,True,True,True,True,True,True,True,True,True,True,True,True,True,True,True,True
7XFA_D9J,0.3736496937755156,0.996,True,True,0.99552,0.29,True,True,True,True,True,True,True,True,True,True,True,True,True,True,True,True,True,True,True,True,True
7XG5_PLP,0.5401910992880206,0.713,True,True,0.96744,1.9,True,True,True,True,True,True,True,True,True,True,True,True,True,True,True,True,True,True,True,True,True
7XI7_4RI,0.2736961609157133,0.443,True,True,0.98939,0.53,True,True,True,True,True,True,True,True,True,True,True,True,True,True,True,True,True,True,True,True,True
7XJN_NSD,1.7605315728179625,1.024,True,True,0.37249,8.64,True,True,True,True,True,True,True,True,True,True,True,True,True,True,True,True,True,True,True,True,True
7XPO_UPG,0.6580210782675922,0.776,True,True,0.9561,1.66,True,True,True,True,True,True,True,True,True,True,True,True,True,True,True,True,True,True,True,True,True
7XQZ_FPF,3.306742364382203,3.951,False,True,0.78217,4.66,True,True,True,True,True,True,True,True,True,True,True,True,True,True,True,True,True,True,True,True,True
7XRL_FWK,4.123431551830535,18.675,False,True,0.12717,11.86,True,True,True,True,True,True,False,False,False,False,True,False,True,False,True,True,True,False,True,True,True
7YZU_DO7,0.4883177941924703,0.785,True,True,0.9773,1.09,True,True,True,True,True,True,True,True,True,True,True,True,True,True,True,True,True,True,True,True,True
7Z1Q_NIO,0.33239465499112153,1.104,True,True,0.96373,1.19,True,True,True,True,True,True,True,True,True,True,True,True,True,True,True,True,True,True,True,True,True
7Z2O_IAJ,0.8080125918396499,0.663,True,True,0.97823,0.89,True,True,True,True,True,True,True,True,True,True,True,True,True,True,True,True,True,True,True,True,True
7Z7F_IF3,0.48082916330617287,0.669,True,True,0.49154,0.88,True,True,True,True,True,True,True,True,True,True,True,True,True,True,True,True,True,True,True,True,True
7ZCC_OGA,1.6798498870434813,1.148,True,True,0.49958,4.91,True,True,True,True,True,True,True,True,True,True,True,True,True,True,True,True,True,True,True,True,True
7ZDY_6MJ,1.5409942944263426,1.526,True,True,0.90318,4.05,True,True,True,True,True,True,True,True,True,True,True,True,True,True,True,True,True,True,True,True,True
7ZF0_DHR,21.408555390544223,52.918,False,False,0.17614,7.25,True,True,True,True,True,True,True,True,True,True,True,True,True,True,True,True,True,True,True,True,True
7ZHP_IQY,0.4009904593859025,0.811,True,True,0.9872,0.72,True,True,True,True,True,True,True,True,True,True,True,True,True,True,True,True,True,True,True,True,True
7ZL5_IWE,0.777268369522953,0.633,True,True,0.49678,1.35,True,True,True,True,True,True,True,True,True,True,True,True,True,True,True,True,True,True,True,True,True
7ZOC_T8E,0.7917345657899921,0.802,True,True,0.97986,1.05,True,True,True,True,True,True,True,True,True,True,True,True,True,True,True,True,True,True,True,True,True
7ZTL_BCN,1.1966675990964548,1.197,True,True,0.97916,0.93,True,True,True,True,True,True,True,True,True,True,True,True,True,True,True,True,True,True,True,True,True
7ZU2_DHT,0.26475589116157877,0.401,True,True,0.98568,0.72,True,True,True,True,True,True,True,True,True,True,True,True,True,True,True,True,True,True,True,True,True
7ZXV_45D,0.736896558289593,0.946,True,True,0.97106,1.18,True,True,True,True,True,True,True,True,True,True,True,True,True,True,True,True,True,True,True,True,True
7ZZW_KKW,1.6426990397429513,1.062,True,True,0.35278,3.23,True,True,True,True,True,True,True,True,True,True,True,True,True,False,True,True,True,True,True,True,True
8A1H_DLZ,0.8729244369409618,0.884,True,True,0.96583,1.55,True,True,True,True,True,True,True,True,True,True,True,True,True,True,True,True,True,True,True,True,True
8A2D_KXY,0.9785918591193645,1.213,True,True,0.93027,1.91,True,True,True,True,True,True,True,True,True,True,True,True,True,True,True,True,True,True,True,True,True
8AAU_LH0,0.5593344643082195,1.199,True,True,0.97399,1.26,True,True,True,True,True,True,True,True,True,True,True,True,True,True,True,True,True,True,True,True,True
8AEM_LVF,2.8357916030896644,1.369,False,True,0.98421,0.87,True,True,True,True,True,True,True,True,True,True,True,True,True,True,True,True,True,True,True,True,True
8AIE_M7L,0.8764481817069338,0.881,True,True,0.97751,1.26,True,True,True,True,True,True,True,True,True,True,True,True,True,True,True,True,True,True,True,True,True
8AP0_PRP,0.7806751233271225,1.117,True,True,0.9785,1.0,True,True,True,True,True,True,True,True,True,True,True,True,True,True,True,True,True,True,True,True,True
8AQL_PLG,4.773869514921832,17.175,False,True,0.12532,12.0,True,True,True,True,True,True,False,False,True,False,True,False,True,False,True,True,True,False,True,True,True
8AUH_L9I,1.4322010156018283,0.892,True,True,0.97643,1.53,True,True,True,True,True,True,True,True,True,True,True,True,True,True,True,True,True,True,True,True,True
8AY3_OE3,0.5140984096454692,0.622,True,True,0.97938,1.26,True,True,True,True,True,True,True,True,True,True,True,True,True,True,True,True,True,True,True,True,True
8B8H_OJQ,0.6255677294193722,0.932,True,True,0.9519,2.14,True,True,True,True,True,True,True,True,True,True,True,True,True,True,True,True,True,True,True,True,True
8BOM_QU6,0.41026516303483584,0.622,True,True,0.97139,1.21,True,True,True,True,True,True,True,True,True,True,True,True,True,True,True,True,True,True,True,True,True
8BTI_RFO,0.5467154945673285,0.753,True,True,0.97925,1.11,True,True,True,True,True,True,True,True,True,True,True,True,True,True,True,True,True,True,True,True,True
8C3N_ADP,0.6856883094947568,1.946,True,True,0.9105,2.16,True,True,True,True,True,True,True,True,True,True,True,True,True,True,True,True,True,True,True,True,True
8C5M_MTA,0.5714319421418443,0.75,True,True,0.94811,1.85,True,True,True,True,True,True,True,True,True,True,True,True,True,True,True,True,True,True,True,True,True
8CNH_V6U,3.631814871878796,2.047,False,True,0.96285,1.59,True,True,True,True,True,True,True,True,True,True,True,True,True,True,True,True,True,True,True,True,True
8CSD_C5P,0.6403404674746975,0.846,True,True,0.48263,2.18,True,True,True,True,True,True,True,True,True,True,True,True,True,True,True,True,True,True,True,True,True
8D19_GSH,2.7640786177314127,1.985,False,True,0.49409,1.73,True,True,True,True,True,True,True,True,True,True,True,True,True,True,True,True,True,True,True,True,True
8D39_QDB,0.3398455938320502,0.946,True,True,0.98539,0.88,True,True,True,True,True,True,True,True,True,True,True,True,True,True,True,True,True,True,True,True,True
8D5D_5DK,0.7055937260890977,1.319,True,True,0.9556,2.32,True,True,True,True,True,True,True,True,True,True,True,True,True,True,True,True,True,True,True,True,True
8DHG_T78,0.31776178903610913,0.515,True,True,0.98349,0.9,True,True,True,True,True,True,True,True,True,True,True,True,True,True,True,True,True,True,True,True,True
8DKO_TFB,1.992027554716551,1.022,True,True,0.88549,3.59,True,True,True,True,True,True,True,True,True,True,True,True,True,True,True,True,True,True,True,True,True
8DP2_UMA,3.176907384645049,2.249,False,True,0.93371,2.21,True,True,True,True,True,True,True,True,True,True,True,True,True,True,True,True,True,True,True,True,True
8DSC_NCA,0.8860627072115785,0.797,True,True,0.96137,2.11,True,True,True,True,True,True,True,True,True,True,True,True,True,True,True,True,True,True,True,True,True
8EAB_VN2,1.1452880789013171,1.331,True,True,0.9364,1.59,True,True,True,True,True,True,True,True,True,True,True,True,True,True,True,True,True,True,True,True,True
8EX2_Q2Q,4.392907662926686,2.588,False,True,0.98356,0.81,True,True,True,True,True,True,True,True,True,True,True,True,True,True,True,True,True,True,True,True,True
8EXL_799,1.128185544684602,1.303,True,True,0.89164,3.55,True,True,True,True,True,True,True,True,True,True,True,True,True,True,True,True,True,True,True,True,True
8EYE_X4I,0.8051121365525691,1.127,True,True,0.95862,2.12,True,True,True,True,True,True,True,True,True,True,True,True,True,True,True,True,True,True,True,True,True
8F4J_PHO,16.7992014672108,11.881,False,False,0.92277,2.15,True,True,True,True,False,True,True,True,True,True,True,True,True,True,True,True,True,True,True,True,True
8F8E_XJI,4.8403762654043385,3.55,False,True,0.49805,3.09,True,True,True,True,True,True,True,True,True,True,True,True,True,True,True,True,True,True,True,True,True
8FAV_4Y5,1.8584856275685286,6.152,True,True,0.46204,1.58,True,True,True,True,True,True,True,True,True,True,True,True,True,True,True,True,True,True,True,True,True
8FLV_ZB9,0.4475766722989559,1.008,True,True,0.9876,0.68,True,True,True,True,True,True,True,True,True,True,True,True,True,True,True,True,True,True,True,True,True
8FO5_Y4U,1.9137761747547242,1.988,True,True,0.35061,3.59,True,True,True,True,True,True,True,True,True,True,True,True,True,True,True,True,True,True,True,True,True
8G0V_YHT,5.889843396083177,15.326,False,False,0.1234,12.31,True,True,True,True,True,True,False,False,False,True,True,False,True,False,True,True,True,False,True,True,True
8G6P_API,8.11626622838359,4.871,False,False,0.93677,2.22,True,True,True,True,True,True,True,True,True,True,True,True,True,True,True,True,True,True,True,True,True
8GFD_ZHR,4.486006798281827,2.906,False,True,0.83441,3.86,True,True,True,True,True,True,True,True,True,True,True,True,True,True,True,True,True,True,True,True,True
8HFN_XGC,1.354753250442062,1.635,True,True,0.96076,1.56,True,True,True,True,True,True,True,True,True,True,True,True,True,True,True,True,True,True,True,True,True
8HO0_3ZI,0.93502487983427,0.731,True,True,0.98772,0.8,True,True,True,True,True,True,True,True,True,True,True,True,True,True,True,True,True,True,True,True,True
8SLG_G5A,0.6306509476547051,1.857,True,True,0.8793,4.09,True,True,True,True,True,True,True,True,True,True,True,True,True,True,True,True,True,True,True,True,True
