mmcif_id,chain_or_interface_id,metrics,value
7UVH_1,poly:A||poly:C,DockQ,0.136
7UVH_1,poly:B||poly:C,DockQ,0.047
7UVH_1,global,tm_score,0.81342
7UVP_1,global,tm_score,0.93904
7UVS_1,poly:A||poly:C,DockQ,0.03
7UVS_1,global,tm_score,0.75826
7UWI_1,global,tm_score,0.97756
7UWJ_1,global,tm_score,0.95462
7UWO_1,global,tm_score,0.96939
7UX0_1,global,tm_score,0.92137
7UX5_1,poly:A||poly:B,DockQ,0.224
7UX5_1,global,tm_score,0.90218
7UX6_1,global,tm_score,0.93189
7UXA_1,global,tm_score,0.98806
7UXD_1,global,tm_score,0.96778
7UXI_1,poly:A||poly:B,DockQ,0.042
7UXI_1,global,tm_score,0.87709
7UXJ_1,global,tm_score,0.95169
7UXK_1,poly:A||poly:B,DockQ,0.016
7UXK_1,global,tm_score,0.82613
7UXM_1,global,tm_score,0.91703
7UXN_1,poly:A||poly:B,DockQ,0.189
7UXN_1,global,tm_score,0.94611
7UXO_1,poly:A||poly:B,DockQ,0.88
7UXO_1,global,tm_score,0.93912
7UXR_1,poly:A||poly:B,DockQ,0.899
7UXR_1,global,tm_score,0.95992
7UXS_1,global,tm_score,0.9783
7UXY_1,global,tm_score,0.97016
7UY2_1,global,tm_score,0.93321
7UYJ_1,global,tm_score,0.91381
7UYK_1,global,tm_score,0.64353
7UZO_1,poly:A||poly:B,DockQ,0.579
7UZO_1,global,tm_score,0.88864
7V09_1,global,tm_score,0.97805
7V09_1,poly:A,tm_score,0.97805
7XP7_1,poly:A||poly:B,DockQ,0.799
7XP7_1,global,tm_score,0.99062
7XP7_1,poly:A,tm_score,0.99244
7XP9_1,global,tm_score,0.92568
7XP9_1,poly:A,tm_score,0.92568
7XPC_1,poly:A||poly:B,DockQ,0.012
7XPC_1,global,tm_score,0.80973
7XPI_1,global,tm_score,0.46649
7XPZ_1,global,tm_score,0.96557
7XPZ_1,poly:A,tm_score,0.96557
7XQ3_1,poly:A||poly:C,DockQ,0.062
7XQ3_1,global,tm_score,0.31713
7XQ5_1,global,tm_score,0.9609
7XQK_1,global,tm_score,0.99058
7XQK_1,poly:A,tm_score,0.98045
7XQS_1,poly:A||poly:C,DockQ,0.921
7XQS_1,global,tm_score,0.98854
7XQT_1,poly:A||poly:C,DockQ,0.93
7XQT_1,global,tm_score,0.993
7XQU_1,poly:A||poly:C,DockQ,0.742
7XQU_1,global,tm_score,0.97703
7XRP_1,global,tm_score,0.39331
7XS4_1,global,tm_score,0.97744
7XT3_1,global,tm_score,0.85054
7XT3_1,poly:A,tm_score,0.85054
7XUR_1,global,tm_score,0.92996
7XUZ_1,global,tm_score,0.57849
7XV0_1,poly:A||poly:B,DockQ,0.335
7XV0_1,global,tm_score,0.92359
7XV1_1,poly:A||poly:B,DockQ,0.623
7XV1_1,global,tm_score,0.93309
7XV4_1,poly:A||poly:B,DockQ,0.725
7XV4_1,global,tm_score,0.9509
7XVN_1,global,tm_score,0.49226
7XW2_1,global,tm_score,0.92146
7XWH_1,global,tm_score,0.993
7XXB_1,global,tm_score,0.98434
7XXI_1,global,tm_score,0.97877
7XY6_1,global,tm_score,0.96957
7XYD_1,global,tm_score,0.98845
7XYQ_1,poly:A||poly:B,DockQ,0.011
7XYQ_1,global,tm_score,0.91843
7XZQ_1,poly:A||poly:B,DockQ,0.321
7XZQ_1,global,tm_score,0.95248
7Y01_1,global,tm_score,0.9569
7Y0L_1,global,tm_score,0.99149
7Y0W_1,global,tm_score,0.43204
7Y0Y_1,poly:A||poly:B,DockQ,0.632
7Y0Y_1,global,tm_score,0.84811
7Y16_1,poly:A||poly:B,DockQ,0.639
7Y16_1,global,tm_score,0.92876
7Y16_1,poly:A,tm_score,0.90231
7Y3H_1,global,tm_score,0.96598
7Y3K_1,global,tm_score,0.54965
7Y3W_1,global,tm_score,0.73378
7Y40_1,global,tm_score,0.97987
7Y43_1,global,tm_score,0.90923
7Y4X_1,global,tm_score,0.94991
7Y58_1,poly:A||poly:C,DockQ,0.474
7Y58_1,global,tm_score,0.76398
7Y58_1,poly:A,tm_score,0.81418
7Y5R_1,global,tm_score,0.92731
7Y5R_1,poly:A,tm_score,0.92731
7Y6B_1,poly:A||poly:B,DockQ,0.794
7Y6B_1,global,tm_score,0.96736
7Y6B_1,poly:A,tm_score,0.96425
7Y6O_1,global,tm_score,0.40873
7Y73_1,poly:A||poly:B,DockQ,0.827
7Y73_1,global,tm_score,0.96389
7Y7O_1,global,tm_score,0.9242
7Y7O_1,poly:A,tm_score,0.9242
7Y9N_1,poly:A||poly:B,DockQ,0.066
7Y9N_1,global,tm_score,0.42801
7Y9N_1,poly:A,tm_score,0.47259
7YAG_1,global,tm_score,0.67651
7YC7_1,global,tm_score,0.97278
7YCO_1,poly:A||poly:B,DockQ,0.035
7YCO_1,global,tm_score,0.60574
7YCS_1,poly:B||poly:C,DockQ,0.311
7YCS_1,global,tm_score,0.37751
7YDQ_1,global,tm_score,0.60585
7YDT_1,global,tm_score,0.96106
7YDT_1,poly:A,tm_score,0.96106
7YDW_1,global,tm_score,0.30717
7YDZ_1,global,tm_score,0.97273
7YEI_1,global,tm_score,0.97195
7YEJ_1,global,tm_score,0.97268
7YEM_1,global,tm_score,0.97275
7YEO_1,poly:A||poly:B,DockQ,0.009
7YEO_1,global,tm_score,0.50243
7YEO_1,poly:A,tm_score,0.98881
7YEY_1,global,tm_score,0.96624
7YF2_1,global,tm_score,0.47166
7YF3_1,global,tm_score,0.46372
7YF6_1,poly:B||poly:C,DockQ,0.424
7YF6_1,global,tm_score,0.94075
7YFV_1,poly:A||poly:B,DockQ,0.634
7YFV_1,global,tm_score,0.77541
7YG3_1,poly:A||poly:B,DockQ,0.961
7YG3_1,global,tm_score,0.99322
7YGH_1,poly:A||poly:B,DockQ,0.477
7YGH_1,global,tm_score,0.87714
7YGL_1,global,tm_score,0.87603
7YHO_1,global,tm_score,0.96628
7YHP_1,global,tm_score,0.98599
7YHQ_1,global,tm_score,0.96517
7YI6_1,global,tm_score,0.76405
7YI8_1,poly:A||poly:B,DockQ,0.771
7YI8_1,poly:B||poly:D,DockQ,0.642
7YI8_1,global,tm_score,0.9502
7YIT_1,global,tm_score,0.64286
7YJW_1,poly:A||poly:B,DockQ,0.009
7YJW_1,global,tm_score,0.49554
7YK4_1,global,tm_score,0.70945
7YKH_1,poly:A||poly:B,DockQ,0.709
7YKH_1,global,tm_score,0.9369
7YKM_1,global,tm_score,0.9368
7YKM_1,poly:A,tm_score,0.9368
7YKN_1,global,tm_score,0.99478
7YKN_1,poly:A,tm_score,0.99478
7YLE_1,global,tm_score,0.98123
7YLR_1,global,tm_score,0.95158
7YLS_1,global,tm_score,0.98202
7YLZ_1,global,tm_score,0.99421
7YLZ_1,poly:A,tm_score,0.99421
7YM8_1,global,tm_score,0.76531
7YMJ_1,global,tm_score,0.65231
7YN3_1,global,tm_score,0.80334
7YNE_1,poly:A||poly:B,DockQ,0.909
7YNE_1,global,tm_score,0.9858
7YNI_1,global,tm_score,0.98554
7YOA_1,poly:A||poly:B,DockQ,0.169
7YOA_1,global,tm_score,0.51875
7YOA_1,poly:A,tm_score,0.83409
7YOD_1,global,tm_score,0.98889
7YPP_1,poly:A||poly:B,DockQ,0.79
7YPP_1,global,tm_score,0.98534
7YPP_1,poly:A,tm_score,0.97435
7YPQ_1,global,tm_score,0.76923
7YR6_1,global,tm_score,0.45012
7YRI_1,global,tm_score,0.51007
7YRO_1,global,tm_score,0.99113
7YSF_1,global,tm_score,0.78963
7YSI_1,global,tm_score,0.9587
7YSI_1,poly:A,tm_score,0.9587
7YT9_1,global,tm_score,0.91224
7YT9_1,poly:A,tm_score,0.91224
7YTW_1,global,tm_score,0.99397
7YTW_1,poly:A,tm_score,0.99003
7YUB_1,global,tm_score,0.48067
7YUK_1,global,tm_score,0.98526
7YUL_1,global,tm_score,0.48674
7YW2_1,global,tm_score,0.93849
7YW4_1,global,tm_score,0.95861
7YW4_1,poly:A,tm_score,0.95861
7YWA_1,global,tm_score,0.87629
7ZRN_1,global,tm_score,0.99602
7ZRN_1,poly:A,tm_score,0.99494
7ZS0_1,global,tm_score,0.8009
7ZTB_1,global,tm_score,0.80308
7ZTB_1,poly:A,tm_score,0.80308
7ZTH_1,global,tm_score,0.97432
7ZTN_1,global,tm_score,0.99437
7ZU8_1,global,tm_score,0.96878
7ZUC_1,poly:A||poly:C,DockQ,0.945
7ZUC_1,global,tm_score,0.98804
7ZUS_1,global,tm_score,0.94432
7ZV5_1,global,tm_score,0.9849
7ZVB_1,global,tm_score,0.95803
7ZWI_1,poly:A||poly:B,DockQ,0.054
7ZWI_1,poly:A||poly:C,DockQ,0.049
7ZWI_1,global,tm_score,0.70519
7ZWK_1,poly:A||poly:C,DockQ,0.297
7ZWK_1,poly:B||poly:C,DockQ,0.431
7ZWK_1,global,tm_score,0.96602
7ZXK_1,global,tm_score,0.64166
7ZYH_1,poly:B||poly:C,DockQ,0.821
7ZYH_1,global,tm_score,0.96309
7ZZK_1,global,tm_score,0.98776
8A0W_1,global,tm_score,0.95025
8A0X_1,global,tm_score,0.89254
8A16_1,global,tm_score,0.91075
8A16_1,poly:A,tm_score,0.91075
8A1C_1,global,tm_score,0.93245
8A1F_1,global,tm_score,0.89885
8A1P_1,poly:B||poly:C,DockQ,0.016
8A1P_1,global,tm_score,0.72848
8A24_1,global,tm_score,0.9746
8A24_1,poly:A,tm_score,0.9746
8A28_1,global,tm_score,0.56456
8A28_1,poly:A,tm_score,0.56456
8A3J_1,poly:B||poly:C,DockQ,0.062
8A3J_1,poly:B||poly:D,DockQ,0.164
8A3J_1,poly:C||poly:D,DockQ,0.777
8A3J_1,global,tm_score,0.83706
8A44_1,poly:A||poly:C,DockQ,0.02
8A44_1,poly:A||poly:D,DockQ,0.014
8A44_1,global,tm_score,0.63593
8A47_1,global,tm_score,0.97508
8A4A_1,global,tm_score,0.9404
8A5L_1,poly:A||poly:B,DockQ,0.55
8A5L_1,global,tm_score,0.97685
8A60_1,poly:A||poly:B,DockQ,0.007
8A60_1,global,tm_score,0.87436
8A65_1,global,tm_score,0.99208
8A8J_1,global,tm_score,0.89356
8A8K_1,global,tm_score,0.86018
8A8K_1,poly:A,tm_score,0.86018
8A8M_1,global,tm_score,0.87131
8A8Q_1,poly:C||poly:D,DockQ,0.077
8A8Q_1,global,tm_score,0.55926
8A9N_1,poly:A||poly:B,DockQ,0.792
8A9N_1,global,tm_score,0.95422
8AAA_1,poly:A||poly:B,DockQ,0.013
8AAA_1,global,tm_score,0.83329
8AAJ_1,poly:A||poly:B,DockQ,0.558
8AAJ_1,poly:A||poly:C,DockQ,0.567
8AAJ_1,global,tm_score,0.72571
8AAJ_1,poly:A,tm_score,0.50015
8AAN_1,global,tm_score,0.94836
8AAS_1,global,tm_score,0.98516
8AB0_1,global,tm_score,0.88193
8ABT_1,global,tm_score,0.33513
8AC8_1,global,tm_score,0.97701
8ACC_1,global,tm_score,0.78065
8AD2_1,poly:A||poly:B,DockQ,0.018
8AD2_1,global,tm_score,0.48892
8ADB_1,poly:A||poly:B,DockQ,0.01
8ADB_1,global,tm_score,0.61517
8ADD_1,global,tm_score,0.96841
8ADM_1,global,tm_score,0.9575
8AE4_1,poly:A||poly:B,DockQ,0.051
8AE4_1,global,tm_score,0.69992
8AE5_1,global,tm_score,0.68282
8AEL_1,poly:A||poly:B,DockQ,0.025
8AEL_1,global,tm_score,0.76813
8AEP_1,poly:A||poly:B,DockQ,0.027
8AEP_1,global,tm_score,0.51182
8AEZ_1,global,tm_score,0.96824
8AFI_1,poly:A||poly:B,DockQ,0.822
8AFI_1,global,tm_score,0.96989
8AFO_1,global,tm_score,0.96601
8AG0_1,poly:A||poly:B,DockQ,0.185
8AG0_1,global,tm_score,0.64564
8AGR_1,global,tm_score,0.98771
8AGR_1,poly:A,tm_score,0.98771
8AH9_1,global,tm_score,0.97215
8AH9_1,poly:A,tm_score,0.97215
8AHR_1,poly:A||poly:B,DockQ,0.778
8AHR_1,global,tm_score,0.98249
8AIN_1,poly:A||poly:B,DockQ,0.104
8AIN_1,global,tm_score,0.75442
8AIW_1,poly:A||poly:B,DockQ,0.052
8AIW_1,global,tm_score,0.66768
8AJ7_1,global,tm_score,0.87563
8AJ7_1,poly:A,tm_score,0.87563
8AJP_1,global,tm_score,0.98737
8AJP_1,poly:A,tm_score,0.98737
8AKP_1,global,tm_score,0.99276
8ALK_1,global,tm_score,0.78589
8AMO_1,global,tm_score,0.97653
8AMO_1,poly:A,tm_score,0.97653
8AMP_1,global,tm_score,0.96503
8AMP_1,poly:A,tm_score,0.96503
8AMS_1,poly:A||poly:E,DockQ,0.628
8AMS_1,poly:B||poly:D,DockQ,0.858
8AMS_1,poly:C||poly:D,DockQ,0.862
8AMS_1,global,tm_score,0.41264
8AMU_1,global,tm_score,0.51957
8AP3_1,poly:A||poly:C,DockQ,0.758
8AP3_1,global,tm_score,0.98853
8AP3_1,poly:A,tm_score,0.99448
8APQ_1,global,tm_score,0.99756
8AQA_1,poly:A||poly:C,DockQ,0.44
8AQA_1,poly:B||poly:C,DockQ,0.463
8AQA_1,global,tm_score,0.98425
8AQK_1,poly:B||poly:C,DockQ,0.37
8AQK_1,global,tm_score,0.98554
8ARA_1,global,tm_score,0.89181
8ARA_1,poly:A,tm_score,0.97561
8AU6_1,global,tm_score,0.91931
8AU6_1,poly:A,tm_score,0.91931
8AUC_1,global,tm_score,0.43495
8AV2_1,global,tm_score,0.90539
8AVH_1,poly:A||poly:B,DockQ,0.772
8AVH_1,global,tm_score,0.95661
8AW3_1,global,tm_score,0.76948
8AW4_1,poly:A||poly:B,DockQ,0.033
8AW4_1,global,tm_score,0.66335
8AW5_1,global,tm_score,0.90156
8AXJ_1,global,tm_score,0.96114
8AXJ_1,poly:A,tm_score,0.96114
8AYR_1,global,tm_score,0.71458
8AYR_1,poly:A,tm_score,0.71458
8AYV_1,poly:A||poly:B,DockQ,0.929
8AYV_1,global,tm_score,0.99103
8B01_1,poly:A||poly:B,DockQ,0.828
8B01_1,poly:A||poly:C,DockQ,0.039
8B01_1,poly:B||poly:C,DockQ,0.059
8B01_1,global,tm_score,0.87414
8B0P_1,poly:A||poly:B,DockQ,0.292
8B0P_1,global,tm_score,0.97952
8B0R_1,global,tm_score,0.98893
8B1N_1,poly:A||poly:B,DockQ,0.4
8B1N_1,global,tm_score,0.71307
8B1N_1,poly:A,tm_score,0.63276
8B2E_1,global,tm_score,0.9919
8B2E_1,poly:A,tm_score,0.9919
8B2H_1,global,tm_score,0.98406
8B2H_1,poly:A,tm_score,0.98406
8B2M_1,global,tm_score,0.90947
8B2M_1,poly:A,tm_score,0.90947
8B2Y_1,global,tm_score,0.98391
8B3B_1,global,tm_score,0.9724
8B3E_1,global,tm_score,0.47917
8B3K_1,global,tm_score,0.50909
8B4B_1,global,tm_score,0.34291
8B4C_1,global,tm_score,0.96608
8B4D_1,global,tm_score,0.38451
8B4E_1,global,tm_score,0.49083
8B4L_1,global,tm_score,0.99109
8B4U_1,global,tm_score,0.98774
8B4U_1,poly:A,tm_score,0.98774
8B5A_1,global,tm_score,0.4785
8B5C_1,poly:A||poly:B,DockQ,0.595
8B5C_1,global,tm_score,0.96349
8B5S_1,poly:A||poly:B,DockQ,0.013
8B5S_1,global,tm_score,0.55242
8B61_1,global,tm_score,0.96148
8B69_1,global,tm_score,0.91933
8B6E_1,global,tm_score,0.8495
8B6E_1,poly:A,tm_score,0.8495
8B6N_1,global,tm_score,0.99082
8B6N_1,poly:A,tm_score,0.99082
8B6S_1,global,tm_score,0.63714
8B6Z_1,global,tm_score,0.55581
8B73_1,poly:A||poly:B,DockQ,0.914
8B73_1,global,tm_score,0.9946
8B7D_1,global,tm_score,0.9357
8B7S_1,global,tm_score,0.93925
8B7S_1,poly:A,tm_score,0.93925
8B82_1,poly:A||poly:B,DockQ,0.031
8B82_1,poly:B||poly:C,DockQ,0.795
8B82_1,global,tm_score,0.48551
8B87_1,global,tm_score,0.69166
8B9G_1,global,tm_score,0.96599
8B9I_1,global,tm_score,0.96346
8B9K_1,global,tm_score,0.79001
8B9N_1,global,tm_score,0.98281
8B9S_1,poly:A||poly:B,DockQ,0.956
8B9S_1,global,tm_score,0.99298
8B9S_1,poly:A,tm_score,0.98812
8B9T_1,poly:A||poly:B,DockQ,0.871
8B9T_1,global,tm_score,0.95753
8B9U_1,poly:A||poly:B,DockQ,0.109
8B9U_1,poly:A||poly:C,DockQ,0.229
8B9U_1,global,tm_score,0.65825
8BAD_1,global,tm_score,0.97955
8BAD_1,poly:A,tm_score,0.97955
8BAQ_1,global,tm_score,0.99152
8BAR_1,global,tm_score,0.98935
8BAU_1,global,tm_score,0.9774
8BAU_1,poly:A,tm_score,0.9774
8BB6_1,global,tm_score,0.79211
8BB6_1,poly:A,tm_score,0.79211
8BBK_1,global,tm_score,0.9582
8BBK_1,poly:A,tm_score,0.9582
8BBQ_1,poly:A||poly:B,DockQ,0.127
8BBQ_1,global,tm_score,0.69951
8BC6_1,global,tm_score,0.94852
8BDK_1,global,tm_score,0.69639
8BDK_1,poly:A,tm_score,0.66594
8BE6_1,global,tm_score,0.95486
8BE8_1,global,tm_score,0.97357
8BE9_1,global,tm_score,0.95702
8BJH_1,global,tm_score,0.95582
8BJJ_1,global,tm_score,0.96191
8BK6_1,poly:A||poly:B,DockQ,0.011
8BK6_1,global,tm_score,0.49568
8BKD_1,global,tm_score,0.99381
8BNB_1,poly:A||poly:B,DockQ,0.04
8BNB_1,global,tm_score,0.52513
8BNT_1,poly:A||poly:B,DockQ,0.772
8BNT_1,global,tm_score,0.96643
8BPT_1,poly:A||poly:B,DockQ,0.033
8BPT_1,global,tm_score,0.53789
8BQ8_1,poly:C||poly:E,DockQ,0.018
8BQ8_1,global,tm_score,0.57288
8BRY_1,global,tm_score,0.99601
8BRY_1,poly:A,tm_score,0.99424
8BS3_1,global,tm_score,0.98308
8BS3_1,poly:A,tm_score,0.98053
8BS7_1,poly:B||poly:D,DockQ,0.646
8BS7_1,global,tm_score,0.97174
8BSA_1,global,tm_score,0.95092
8BSA_1,poly:A,tm_score,0.95092
8BT9_1,global,tm_score,0.8371
8BTJ_1,global,tm_score,0.9692
8BU0_1,global,tm_score,0.98964
8BU0_1,poly:A,tm_score,0.98964
8BUY_1,poly:A||poly:B,DockQ,0.799
8BUY_1,global,tm_score,0.95983
8BUY_1,poly:A,tm_score,0.92356
8BV0_1,poly:A||poly:B,DockQ,0.017
8BV0_1,global,tm_score,0.63094
8BV1_1,global,tm_score,0.99054
8BVE_1,poly:A||poly:B,DockQ,0.61
8BVE_1,global,tm_score,0.88283
8BVE_1,poly:A,tm_score,0.85555
8BVF_1,poly:B||poly:C,DockQ,0.032
8BVF_1,global,tm_score,0.84551
8BVK_1,poly:A||poly:B,DockQ,0.01
8BVK_1,global,tm_score,0.46584
8BVK_1,poly:A,tm_score,0.8722
8BVR_1,poly:A||poly:B,DockQ,0.095
8BVR_1,global,tm_score,0.81483
8BW5_1,global,tm_score,0.98173
8BW6_1,global,tm_score,0.97097
8BW6_1,poly:A,tm_score,0.97097
8BYX_1,global,tm_score,0.74539
8BZR_1,poly:A||poly:B,DockQ,0.01
8BZR_1,global,tm_score,0.64201
8BZY_1,poly:A||poly:B,DockQ,0.062
8BZY_1,global,tm_score,0.78743
8C05_1,global,tm_score,0.30111
8C0D_1,global,tm_score,0.77397
8C0D_1,poly:A,tm_score,0.76757
8C0J_1,poly:A||poly:B,DockQ,0.804
8C0J_1,global,tm_score,0.97959
8C0J_1,poly:A,tm_score,0.9801
8C1B_1,global,tm_score,0.84071
8C26_1,poly:A||poly:B,DockQ,0.247
8C26_1,global,tm_score,0.84096
8C2D_1,global,tm_score,0.99247
8C2P_1,poly:A||poly:B,DockQ,0.02
8C2P_1,global,tm_score,0.98129
8C3E_1,global,tm_score,0.92874
8C3E_1,poly:A,tm_score,0.92874
8C3N_1,poly:A||poly:B,DockQ,0.765
8C3N_1,global,tm_score,0.95602
8C44_1,global,tm_score,0.69206
8C4D_1,global,tm_score,0.99489
8C4D_1,poly:A,tm_score,0.99489
8CS0_1,global,tm_score,0.49137
8CSH_1,global,tm_score,0.49016
8CSZ_1,global,tm_score,0.8068
8CTA_1,poly:A||poly:D,DockQ,0.077
8CTA_1,global,tm_score,0.80964
8CTH_1,global,tm_score,0.98144
8CTI_1,global,tm_score,0.98438
8CU0_1,global,tm_score,0.37523
8CUC_1,global,tm_score,0.69553
8CUS_1,poly:A||poly:B,DockQ,0.884
8CUS_1,global,tm_score,0.96894
8CUS_1,poly:A,tm_score,0.97702
8CV4_1,global,tm_score,0.84394
8CV7_1,global,tm_score,0.92327
8CWR_1,global,tm_score,0.26354
8CWS_1,poly:A||poly:B,DockQ,0.012
8CWS_1,global,tm_score,0.8557
8CX0_1,global,tm_score,0.41523
8CX3_1,global,tm_score,0.68771
8CX3_1,poly:A,tm_score,0.68771
8CYF_1,global,tm_score,0.96214
8CZ9_1,global,tm_score,0.98489
8CZF_1,poly:A||poly:B,DockQ,0.777
8CZF_1,global,tm_score,0.94122
8CZH_1,poly:A||poly:B,DockQ,0.796
8CZH_1,global,tm_score,0.94479
8CZK_1,global,tm_score,0.99304
8CZQ_1,global,tm_score,0.91983
8D06_1,poly:A||poly:B,DockQ,0.918
8D06_1,global,tm_score,0.98823
8D0A_1,global,tm_score,0.55714
8D0C_1,poly:A||poly:B,DockQ,0.79
8D0C_1,global,tm_score,0.96375
8D0O_1,global,tm_score,0.49579
8D29_1,global,tm_score,0.94735
8D2S_1,global,tm_score,0.70948
8D35_1,poly:A||poly:C,DockQ,0.227
8D35_1,global,tm_score,0.9719
8D4Q_1,global,tm_score,0.98308
8D4S_1,poly:A||poly:B,DockQ,0.863
8D4S_1,global,tm_score,0.98723
8D5J_1,poly:A||poly:C,DockQ,0.957
8D5J_1,global,tm_score,0.98349
8D5K_1,poly:A||poly:C,DockQ,0.955
8D5K_1,global,tm_score,0.98315
8D5N_1,global,tm_score,0.93006
8D5V_1,global,tm_score,0.94146
8DAM_1,poly:A||poly:B,DockQ,0.024
8DAM_1,global,tm_score,0.5365
8DAX_1,poly:A||poly:B,DockQ,0.354
8DAX_1,global,tm_score,0.91856
8DAY_1,global,tm_score,0.98596
8DAY_1,poly:A,tm_score,0.98841
8DB4_1,poly:A||poly:E,DockQ,0.055
8DB4_1,poly:C||poly:E,DockQ,0.004
8DB4_1,poly:D||poly:E,DockQ,0.05
8DB4_1,global,tm_score,0.45438
8DC0_1,poly:A||poly:B,DockQ,0.836
8DC0_1,global,tm_score,0.90424
8DC2_1,global,tm_score,0.22638
8DC5_1,global,tm_score,0.49446
8DCN_1,poly:A||poly:C,DockQ,0.038
8DCN_1,poly:B||poly:C,DockQ,0.043
8DCN_1,global,tm_score,0.67463
8DCY_1,poly:A||poly:C,DockQ,0.008
8DCY_1,poly:B||poly:C,DockQ,0.007
8DCY_1,global,tm_score,0.69542
8DDK_1,global,tm_score,0.60111
8DDY_1,global,tm_score,0.6529
8DEH_1,global,tm_score,0.76246
8DEH_1,poly:A,tm_score,0.76246
8DFK_1,poly:A||poly:B,DockQ,0.828
8DFK_1,global,tm_score,0.91781
8DFW_1,global,tm_score,0.72178
8DFX_1,poly:A||poly:B,DockQ,0.005
8DFX_1,global,tm_score,0.49428
8DGN_1,poly:A||poly:B,DockQ,0.854
8DGN_1,global,tm_score,0.97309
8DGQ_1,global,tm_score,0.5758
8DI1_1,global,tm_score,0.98628
8DI1_1,poly:A,tm_score,0.98628
8DIK_1,global,tm_score,0.97855
8DJH_1,poly:A||poly:B,DockQ,0.243
8DJH_1,global,tm_score,0.82031
8DKN_1,global,tm_score,0.85139
8DKO_1,poly:A||poly:B,DockQ,0.045
8DKO_1,global,tm_score,0.62471
8DKO_1,poly:A,tm_score,0.98308
8DKS_1,global,tm_score,0.98325
8DKS_1,poly:A,tm_score,0.98325
8DKV_1,global,tm_score,0.85901
8DL3_1,global,tm_score,0.99321
8DL5_1,global,tm_score,0.99547
8DL5_1,poly:A,tm_score,0.99338
8DL7_1,global,tm_score,0.85111
8DLE_1,poly:A||poly:B,DockQ,0.028
8DLE_1,global,tm_score,0.82135
8DLF_1,global,tm_score,0.24082
8DMB_1,global,tm_score,0.92474
8DMK_1,global,tm_score,0.97377
8DMT_1,global,tm_score,0.99486
8DNQ_1,global,tm_score,0.93642
8DP3_1,global,tm_score,0.98658
8DPA_1,poly:A||poly:B,DockQ,0.27
8DPA_1,global,tm_score,0.51103
8DQK_1,global,tm_score,0.93883
8DQK_1,poly:A,tm_score,0.93883
8DQO_1,poly:A||poly:B,DockQ,0.018
8DQO_1,global,tm_score,0.58666
8DS5_1,poly:A||poly:B,DockQ,0.174
8DS5_1,poly:A||poly:C,DockQ,0.106
8DS5_1,global,tm_score,0.84571
8DS5_1,poly:A,tm_score,0.86142
8DS8_1,global,tm_score,0.88883
8DTE_1,global,tm_score,0.96324
8DTE_1,poly:A,tm_score,0.96324
8DTQ_1,poly:A||poly:B,DockQ,0.906
8DTQ_1,global,tm_score,0.97643
8DU5_1,poly:A||poly:B,DockQ,0.004
8DU5_1,global,tm_score,0.49326
8DV0_1,global,tm_score,0.96515
8DV0_1,poly:A,tm_score,0.96515
8DVH_1,poly:A||poly:B,DockQ,0.01
8DVH_1,global,tm_score,0.52077
8DVL_1,poly:A||poly:B,DockQ,0.226
8DVL_1,global,tm_score,0.98423
8DVM_1,poly:A||poly:B,DockQ,0.231
8DVM_1,global,tm_score,0.97566
8DVQ_1,global,tm_score,0.94225
8DVQ_1,poly:A,tm_score,0.94225
8DVR_1,global,tm_score,0.94301
8DVS_1,global,tm_score,0.95328
8DW1_1,global,tm_score,0.49393
8DWI_1,global,tm_score,0.83518
8DWI_1,poly:A,tm_score,0.83518
8DWJ_1,global,tm_score,0.75104
8DX0_1,global,tm_score,0.94242
8DX0_1,poly:A,tm_score,0.94242
8DYP_1,poly:A||poly:B,DockQ,0.012
8DYP_1,global,tm_score,0.70388
8DZJ_1,global,tm_score,0.87887
8DZK_1,global,tm_score,0.97014
8E0F_1,global,tm_score,0.97103
8E0O_1,poly:A||poly:B,DockQ,0.631
8E0O_1,global,tm_score,0.97637
8E0O_1,poly:A,tm_score,0.97009
8E0R_1,global,tm_score,0.971
8E13_1,poly:A||poly:C,DockQ,0.729
8E13_1,global,tm_score,0.98063
8E1E_1,poly:A||poly:B,DockQ,0.797
8E1E_1,global,tm_score,0.9739
8E23_1,global,tm_score,0.96724
8E28_1,global,tm_score,0.98518
8E29_1,global,tm_score,0.98453
8E2A_1,global,tm_score,0.73751
8E2C_1,poly:B||poly:C,DockQ,0.049
8E2C_1,global,tm_score,0.41336
8E2P_1,global,tm_score,0.95208
8E2W_1,global,tm_score,0.85912
8E2W_1,poly:A,tm_score,0.85912
8E3D_1,global,tm_score,0.75003
8E3E_1,global,tm_score,0.80637
8E3K_1,global,tm_score,0.98486
8E3R_1,global,tm_score,0.98463
8E40_1,global,tm_score,0.61777
8E4C_1,global,tm_score,0.86519
8E4F_1,global,tm_score,0.97312
8E4F_1,poly:A,tm_score,0.97312
8E4H_1,global,tm_score,0.98491
8E4T_1,global,tm_score,0.96322
8E4T_1,poly:A,tm_score,0.96322
8E4X_1,global,tm_score,0.97029
8E4Y_1,global,tm_score,0.97789
8E5D_1,global,tm_score,0.97109
8E5H_1,global,tm_score,0.99489
8E62_1,global,tm_score,0.99347
8E7C_1,global,tm_score,0.56949
8E83_1,global,tm_score,0.87908
8E85_1,global,tm_score,0.95144
8E86_1,global,tm_score,0.95205
8E88_1,global,tm_score,0.95079
8E9A_1,global,tm_score,0.81162
8EBH_1,global,tm_score,0.98584
8ECP_1,poly:A||poly:B,DockQ,0.77
8ECP_1,global,tm_score,0.95472
8EDC_1,global,tm_score,0.74495
8EDC_1,poly:A,tm_score,0.74495
8EDI_1,poly:A||poly:B,DockQ,0.046
8EDI_1,global,tm_score,0.56215
8EDJ_1,global,tm_score,0.95684
8EE5_1,global,tm_score,0.75522
8EE9_1,global,tm_score,0.98565
8EEF_1,global,tm_score,0.99356
8EF9_1,global,tm_score,0.97378
8EFC_1,global,tm_score,0.969
8EFK_1,global,tm_score,0.9806
8EGW_1,global,tm_score,0.81237
8EGX_1,global,tm_score,0.89536
8EHE_1,global,tm_score,0.95892
8EHO_1,global,tm_score,0.95261
8EHZ_1,global,tm_score,0.9503
8EI0_1,global,tm_score,0.954
8EI2_1,global,tm_score,0.76025
8EI3_1,global,tm_score,0.94151
8EI4_1,poly:A||poly:B,DockQ,0.214
8EI4_1,global,tm_score,0.9613
8EI5_1,global,tm_score,0.95414
8EI6_1,global,tm_score,0.93684
8EI7_1,global,tm_score,0.92514
8EI8_1,global,tm_score,0.97226
8EI9_1,global,tm_score,0.85303
8EIA_1,poly:A||poly:C,DockQ,0.125
8EIA_1,poly:B||poly:C,DockQ,0.824
8EIA_1,global,tm_score,0.84295
8EIB_1,poly:B||poly:C,DockQ,0.812
8EIB_1,global,tm_score,0.95517
8EIR_1,poly:B||poly:D,DockQ,0.03
8EIR_1,global,tm_score,0.57808
8EJ6_1,global,tm_score,0.98505
8EJM_1,global,tm_score,0.98844
8EJO_1,global,tm_score,0.94722
8EJP_1,global,tm_score,0.95032
8EK8_1,global,tm_score,0.98548
8EKJ_1,global,tm_score,0.98402
8EKU_1,global,tm_score,0.98558
8EKV_1,global,tm_score,0.98287
8EKZ_1,global,tm_score,0.98232
8ELG_1,poly:A||poly:C,DockQ,0.963
8ELG_1,global,tm_score,0.99237
8ELH_1,poly:A||poly:C,DockQ,0.957
8ELH_1,global,tm_score,0.99181
8EM2_1,global,tm_score,0.97588
8EM9_1,global,tm_score,0.98546
8EML_1,global,tm_score,0.95589
8ENK_1,global,tm_score,0.84105
8ENT_1,global,tm_score,0.97001
8EO5_1,global,tm_score,0.9755
8EO5_1,poly:A,tm_score,0.9755
8EOV_1,global,tm_score,0.96938
8EOV_1,poly:A,tm_score,0.96938
8EOX_1,poly:B||poly:C,DockQ,0.761
8EOX_1,global,tm_score,0.98091
8EPA_1,global,tm_score,0.4136
8EQ5_1,global,tm_score,0.82537
8EQG_1,global,tm_score,0.98496
8EQI_1,global,tm_score,0.99305
8EQK_1,global,tm_score,0.98272
8ER5_1,poly:A||poly:B,DockQ,0.024
8ER5_1,global,tm_score,0.46223
8ERH_1,poly:A||poly:B,DockQ,0.08
8ERH_1,global,tm_score,0.49109
8ERW_1,poly:A||poly:B,DockQ,0.023
8ERW_1,global,tm_score,0.49376
8ES6_1,global,tm_score,0.99319
8ES6_1,poly:A,tm_score,0.99319
8ESA_1,poly:A||poly:C,DockQ,0.895
8ESA_1,global,tm_score,0.72008
8ET6_1,global,tm_score,0.83963
8ETT_1,global,tm_score,0.97876
8EV4_1,global,tm_score,0.97718
8EV4_1,poly:A,tm_score,0.97718
8EVK_1,global,tm_score,0.25024
8EW9_1,global,tm_score,0.91757
8EX9_1,global,tm_score,0.97216
8EXE_1,poly:A||poly:B,DockQ,0.035
8EXE_1,global,tm_score,0.66435
8EZR_1,global,tm_score,0.95317
8EZR_1,poly:A,tm_score,0.9668
8EZW_1,global,tm_score,0.96173
8EZW_1,poly:A,tm_score,0.96173
8F0L_1,global,tm_score,0.43186
8F15_1,global,tm_score,0.96286
8F2Q_1,poly:A||poly:C,DockQ,0.95
8F2Q_1,global,tm_score,0.99246
8F43_1,global,tm_score,0.96412
8F43_1,poly:A,tm_score,0.96412
8F5Q_1,poly:A||poly:B,DockQ,0.95
8F5Q_1,global,tm_score,0.99531
8F5V_1,global,tm_score,0.98317
8F60_1,poly:B||poly:C,DockQ,0.863
8F60_1,global,tm_score,0.98838
8F6D_1,poly:A||poly:B,DockQ,0.045
8F6D_1,global,tm_score,0.5506
8F71_1,poly:A||poly:B,DockQ,0.152
8F71_1,global,tm_score,0.68062
8F8N_1,global,tm_score,0.96897
8F8N_1,poly:A,tm_score,0.96897
8F8W_1,poly:B||poly:D,DockQ,0.009
8F8W_1,global,tm_score,0.61199
8F8Y_1,global,tm_score,0.82296
8F9X_1,poly:A||poly:B,DockQ,0.858
8F9X_1,global,tm_score,0.99054
8FAK_1,global,tm_score,0.93598
8FAZ_1,global,tm_score,0.98213
8FBC_1,global,tm_score,0.96436
8FBC_1,poly:A,tm_score,0.96436
8FBW_1,global,tm_score,0.78567
8FBY_1,poly:A||poly:B,DockQ,0.683
8FBY_1,global,tm_score,0.85898
8FDO_1,poly:B||poly:C,DockQ,0.806
8FDO_1,global,tm_score,0.98048
8FE6_1,poly:A||poly:B,DockQ,0.028
8FE6_1,global,tm_score,0.97673
8FE7_1,poly:A||poly:B,DockQ,0.031
8FE7_1,global,tm_score,0.97267
8FET_1,global,tm_score,0.94012
8FFT_1,poly:A||poly:B,DockQ,0.897
8FFT_1,global,tm_score,0.99086
8FFT_1,poly:A,tm_score,0.99487
8FFY_1,global,tm_score,0.9815
8FGX_1,poly:A||poly:C,DockQ,0.015
8FGX_1,poly:B||poly:C,DockQ,0.018
8FGX_1,global,tm_score,0.76018
8FHL_1,poly:A||poly:C,DockQ,0.895
8FHL_1,global,tm_score,0.96352
8FHU_1,poly:A||poly:C,DockQ,0.946
8FHU_1,global,tm_score,0.95625
8FIB_1,global,tm_score,0.98074
8FIB_1,poly:A,tm_score,0.98074
8FII_1,global,tm_score,0.97606
8FIK_1,global,tm_score,0.97585
8FIL_1,global,tm_score,0.96592
8FIT_1,poly:A||poly:B,DockQ,0.035
8FIT_1,global,tm_score,0.64142
8FIT_1,poly:A,tm_score,0.69057
8FJB_1,poly:A||poly:C,DockQ,0.893
8FJB_1,poly:C||poly:E,DockQ,0.132
8FJB_1,poly:C||poly:D,DockQ,0.155
8FJB_1,global,tm_score,0.70437
8FJD_1,poly:A||poly:B,DockQ,0.011
8FJD_1,global,tm_score,0.49813
8FJE_1,poly:A||poly:B,DockQ,0.103
8FJE_1,global,tm_score,0.83003
8FJF_1,global,tm_score,0.97889
8FJF_1,poly:A,tm_score,0.97889
8FK3_1,poly:A||poly:B,DockQ,0.88
8FK3_1,global,tm_score,0.99402
8FMB_1,global,tm_score,0.95876
8FMB_1,poly:A,tm_score,0.95876
8FN3_1,global,tm_score,0.96307
8FNX_1,global,tm_score,0.93738
8FNX_1,poly:A,tm_score,0.93738
8FNY_1,global,tm_score,0.95405
8FOG_1,global,tm_score,0.9623
8GMX_1,global,tm_score,0.51059
8GMX_1,poly:A,tm_score,0.51059
8GN3_1,global,tm_score,0.80473
8GN4_1,global,tm_score,0.8411
8GNI_1,global,tm_score,0.50152
8GNN_1,poly:C||poly:D,DockQ,0.545
8GNN_1,global,tm_score,0.99113
8GOI_1,poly:A||poly:B,DockQ,0.705
8GOI_1,poly:B||poly:C,DockQ,0.692
8GOI_1,poly:B||poly:D,DockQ,0.429
8GOI_1,global,tm_score,0.91082
8GOM_1,poly:C||poly:D,DockQ,0.554
8GOM_1,poly:C||poly:E,DockQ,0.549
8GOM_1,global,tm_score,0.93868
8GON_1,poly:A||poly:C,DockQ,0.952
8GON_1,poly:C||poly:D,DockQ,0.58
8GON_1,poly:C||poly:E,DockQ,0.528
8GON_1,global,tm_score,0.93351
8GQV_1,poly:A||poly:C,DockQ,0.834
8GQV_1,global,tm_score,0.9754
8GQW_1,poly:A||poly:C,DockQ,0.795
8GQW_1,global,tm_score,0.97314
8GR2_1,global,tm_score,0.96734
8GR2_1,poly:A,tm_score,0.96734
8GR5_1,global,tm_score,0.96865
8GR5_1,poly:A,tm_score,0.96865
8GRJ_1,global,tm_score,0.99265
8GSM_1,global,tm_score,0.97701
8GSR_1,global,tm_score,0.98902
8GSR_1,poly:A,tm_score,0.98139
8GSX_1,global,tm_score,0.61312
8GSX_1,poly:A,tm_score,0.61312
8GT0_1,poly:A||poly:B,DockQ,0.684
8GT0_1,global,tm_score,0.94465
8GT7_1,poly:C||poly:E,DockQ,0.036
8GT7_1,poly:C||poly:F,DockQ,0.004
8GT7_1,global,tm_score,0.55028
8GTH_1,global,tm_score,0.96658
8GTJ_1,poly:A||poly:B,DockQ,0.231
8GTJ_1,global,tm_score,0.79842
8GU0_1,poly:A||poly:B,DockQ,0.006
8GU0_1,global,tm_score,0.49778
8GUO_1,poly:A||poly:B,DockQ,0.194
8GUO_1,global,tm_score,0.85103
8GVD_1,poly:A||poly:B,DockQ,0.343
8GVD_1,global,tm_score,0.92072
8GVL_1,poly:A||poly:B,DockQ,0.005
8GVL_1,global,tm_score,0.48631
8GVL_1,poly:A,tm_score,0.96389
8GW4_1,poly:A||poly:C,DockQ,0.664
8GW4_1,global,tm_score,0.98837
8GW8_1,global,tm_score,0.95161
8GWH_1,global,tm_score,0.96702
8GWJ_1,poly:A||poly:D,DockQ,0.136
8GWJ_1,global,tm_score,0.97452
8GWR_1,global,tm_score,0.88821
8GWS_1,poly:A||poly:D,DockQ,0.164
8GWS_1,global,tm_score,0.97186
8GXB_1,global,tm_score,0.25597
8GXE_1,poly:A||poly:B,DockQ,0.024
8GXE_1,global,tm_score,0.57925
8GY0_1,global,tm_score,0.93398
8GY0_1,poly:A,tm_score,0.93971
8GYE_1,global,tm_score,0.7837
8GZ0_1,poly:A||poly:B,DockQ,0.041
8GZ0_1,global,tm_score,0.61294
8GZ3_1,global,tm_score,0.75674
8GZC_1,global,tm_score,0.97487
8GZP_1,global,tm_score,0.75443
8GZV_1,global,tm_score,0.82947
8H0L_1,global,tm_score,0.91912
8H0N_1,poly:A||poly:B,DockQ,0.69
8H0N_1,global,tm_score,0.96248
8H0S_1,global,tm_score,0.99008
8H17_1,global,tm_score,0.98199
8H1I_1,poly:A||poly:B,DockQ,0.094
8H1I_1,global,tm_score,0.43547
8H1I_1,poly:A,tm_score,0.55425
8H1J_1,global,tm_score,0.9158
8H1R_1,global,tm_score,0.95918
8H24_1,global,tm_score,0.98702
8H2J_1,global,tm_score,0.16729
8H3I_1,global,tm_score,0.96131
8H3I_1,poly:A,tm_score,0.96131
8H4P_1,global,tm_score,0.9398
8H4P_1,poly:A,tm_score,0.92678
8H58_1,poly:A||poly:B,DockQ,0.638
8H58_1,global,tm_score,0.55174
8H5D_1,global,tm_score,0.93849
8H5D_1,poly:A,tm_score,0.93849
8H62_1,poly:A||poly:B,DockQ,0.809
8H62_1,global,tm_score,0.95919
8H6R_1,global,tm_score,0.92636
8H6R_1,poly:A,tm_score,0.92636
8H6S_1,global,tm_score,0.76501
8H70_1,global,tm_score,0.97155
8H70_1,poly:A,tm_score,0.97155
8H72_1,poly:A||poly:B,DockQ,0.008
8H72_1,global,tm_score,0.50776
8H79_1,global,tm_score,0.32939
8H7A_1,global,tm_score,0.49632
8H7J_1,global,tm_score,0.90497
8H7P_1,poly:A||poly:B,DockQ,0.481
8H7P_1,global,tm_score,0.97916
8H86_1,global,tm_score,0.32042
8H9H_1,global,tm_score,0.69062
8HAR_1,global,tm_score,0.98941
8HAV_1,poly:A||poly:B,DockQ,0.017
8HAV_1,global,tm_score,0.59697
8HBV_1,poly:A||poly:B,DockQ,0.006
8HBV_1,global,tm_score,0.6252
8HBV_1,poly:A,tm_score,0.87137
8HC0_1,global,tm_score,0.95274
8HC6_1,global,tm_score,0.46546
8HC7_1,global,tm_score,0.52371
8HCK_1,global,tm_score,0.4866
8HCU_1,poly:B||poly:C,DockQ,0.571
8HCU_1,global,tm_score,0.54522
8HCZ_1,global,tm_score,0.98908
8HCZ_1,poly:A,tm_score,0.98908
8HD2_1,global,tm_score,0.98318
8HDD_1,poly:A||poly:B,DockQ,0.812
8HDD_1,poly:A||poly:C,DockQ,0.814
8HDD_1,poly:B||poly:C,DockQ,0.761
8HDD_1,global,tm_score,0.98864
8HE1_1,global,tm_score,0.99264
8HE1_1,poly:A,tm_score,0.99264
8HEH_1,global,tm_score,0.99134
8HF2_1,poly:A||poly:B,DockQ,0.015
8HF2_1,global,tm_score,0.36089
8HF2_1,poly:A,tm_score,0.68402
8HFC_1,poly:A||poly:B,DockQ,0.717
8HFC_1,global,tm_score,0.96294
8HG9_1,poly:A||poly:B,DockQ,0.004
8HG9_1,global,tm_score,0.49408
8HGI_1,global,tm_score,0.64762
8HHD_1,poly:A||poly:C,DockQ,0.011
8HHD_1,global,tm_score,0.42116
8HIG_1,global,tm_score,0.60954
8HIO_1,global,tm_score,0.80211
8HIT_1,poly:B||poly:C,DockQ,0.071
8HIT_1,global,tm_score,0.71163
8HJA_1,global,tm_score,0.75676
8HJA_1,poly:A,tm_score,0.67924
8HML_1,global,tm_score,0.56695
8HMM_1,global,tm_score,0.99305
8HN2_1,poly:A||poly:B,DockQ,0.019
8HN2_1,global,tm_score,0.46312
8HN9_1,poly:B||poly:C,DockQ,0.058
8HN9_1,global,tm_score,0.59631
8HNB_1,global,tm_score,0.80521
8HNB_1,poly:A,tm_score,0.80521
8HNQ_1,global,tm_score,0.98041
8HNW_1,global,tm_score,0.82913
8HPJ_1,poly:A||poly:B,DockQ,0.081
8HPJ_1,global,tm_score,0.74825
8HQT_1,poly:A||poly:B,DockQ,0.759
8HQT_1,global,tm_score,0.99201
8HQV_1,poly:A||poly:B,DockQ,0.588
8HQV_1,global,tm_score,0.98735
8HSM_1,poly:A||poly:C,DockQ,0.916
8HSM_1,global,tm_score,0.98965
8HTI_1,global,tm_score,0.93929
8HTT_1,global,tm_score,0.94341
8HUD_1,global,tm_score,0.80443
8HUJ_1,global,tm_score,0.95123
8HVB_1,global,tm_score,0.98206
8HYK_1,global,tm_score,0.94538
8HYK_1,poly:A,tm_score,0.94538
8HZZ_1,global,tm_score,0.97824
8HZZ_1,poly:A,tm_score,0.97824
7QR3_1,global,tm_score,0.49556
7QR4_1,global,tm_score,0.49373
